precise	payloadSHA256	graphPath	ownershipTier	occurrenceCount	canonicalSelection	kind	title	symbolPath	declaration
c:objc(cs)AVAsset(im)findUnusedTrackIDWithCompletionHandler:	c4d8cc2dff11306c31a8f27621ae3490800c89b7cf0660957d6dbe03546c9e6f	reference/symbol-graphs/AVFoundation.symbols.json	0	1	1	swift.method	findUnusedTrackID(completionHandler:)	AVAsset.findUnusedTrackID(completionHandler:)	func findUnusedTrackID(completionHandler: @escaping (CMPersistentTrackID, (any Error)?) -> Void)
c:objc(cs)AVAsset(im)findUnusedTrackIDWithCompletionHandler:	95b738d4335d0763a699e0177e5f26514b8fc65f9b3f3c03e570ddaea44510bd	reference/symbol-graphs/AVFoundation.symbols.json	0	1	0	swift.method	findUnusedTrackID()	AVAsset.findUnusedTrackID()	func findUnusedTrackID() async throws -> CMPersistentTrackID
c:objc(cs)AVAsset(im)loadChapterMetadataGroupsBestMatchingPreferredLanguages:completionHandler:	4f1e3d9450b1cb25929d43732cb170b6f90784e5d1c9eef23fa698bbb7511c9e	reference/symbol-graphs/AVFoundation.symbols.json	0	1	1	swift.method	loadChapterMetadataGroups(bestMatchingPreferredLanguages:)	AVAsset.loadChapterMetadataGroups(bestMatchingPreferredLanguages:)	func loadChapterMetadataGroups(bestMatchingPreferredLanguages preferredLanguages: [String]) async throws -> [AVTimedMetadataGroup]
c:objc(cs)AVAsset(im)loadChapterMetadataGroupsBestMatchingPreferredLanguages:completionHandler:	13d9d52b92c1f2098ce7876069e783e29bb15695ea1154f5f938fa7798adac38	reference/symbol-graphs/AVFoundation.symbols.json	0	1	0	swift.method	loadChapterMetadataGroups(bestMatchingPreferredLanguages:completionHandler:)	AVAsset.loadChapterMetadataGroups(bestMatchingPreferredLanguages:completionHandler:)	func loadChapterMetadataGroups(bestMatchingPreferredLanguages preferredLanguages: [String], completionHandler: @escaping ([AVTimedMetadataGroup]?, (any Error)?) -> Void)
c:objc(cs)AVAsset(im)loadMediaSelectionGroupForMediaCharacteristic:completionHandler:	1c00365a3d382e091af0016b857a70a4503f7628c806632035c90318694363c2	reference/symbol-graphs/AVFoundation.symbols.json	0	1	1	swift.method	loadMediaSelectionGroup(for:)	AVAsset.loadMediaSelectionGroup(for:)	func loadMediaSelectionGroup(for mediaCharacteristic: AVMediaCharacteristic) async throws -> AVMediaSelectionGroup?
c:objc(cs)AVAsset(im)loadMediaSelectionGroupForMediaCharacteristic:completionHandler:	973827a67173d99701540bff998a7584ab3bb58068123785ff4b15d3356cff13	reference/symbol-graphs/AVFoundation.symbols.json	0	1	0	swift.method	loadMediaSelectionGroup(for:completionHandler:)	AVAsset.loadMediaSelectionGroup(for:completionHandler:)	func loadMediaSelectionGroup(for mediaCharacteristic: AVMediaCharacteristic, completionHandler: @escaping (AVMediaSelectionGroup?, (any Error)?) -> Void)
c:objc(cs)AVAsset(im)loadMetadataForFormat:completionHandler:	c708e05bbd8b1b09e8ed44903cdf2322adbe5d71480e5cb70a606596a07dfa5f	reference/symbol-graphs/AVFoundation.symbols.json	0	1	1	swift.method	loadMetadata(for:)	AVAsset.loadMetadata(for:)	func loadMetadata(for format: AVMetadataFormat) async throws -> [AVMetadataItem]
c:objc(cs)AVAsset(im)loadMetadataForFormat:completionHandler:	d067b65e7d8a43074eb18f0b10ac0b1cbd67cf39b157fd0991df30a6a020dce5	reference/symbol-graphs/AVFoundation.symbols.json	0	1	0	swift.method	loadMetadata(for:completionHandler:)	AVAsset.loadMetadata(for:completionHandler:)	func loadMetadata(for format: AVMetadataFormat, completionHandler: @escaping ([AVMetadataItem]?, (any Error)?) -> Void)
c:objc(cs)AVAsset(im)loadTrackWithTrackID:completionHandler:	9340ee944612bafa2c2bdd1b0afc77eabbe90a104c711591e6cacb0ab57639d1	reference/symbol-graphs/AVFoundation.symbols.json	0	1	1	swift.method	loadTrack(withTrackID:)	AVAsset.loadTrack(withTrackID:)	func loadTrack(withTrackID trackID: CMPersistentTrackID) async throws -> AVAssetTrack?
c:objc(cs)AVAsset(im)loadTrackWithTrackID:completionHandler:	6a3220e2462c885bc6771176bd62b25ad81ad86f7019ab016cc3426b78c08f4d	reference/symbol-graphs/AVFoundation.symbols.json	0	1	0	swift.method	loadTrack(withTrackID:completionHandler:)	AVAsset.loadTrack(withTrackID:completionHandler:)	func loadTrack(withTrackID trackID: CMPersistentTrackID, completionHandler: @escaping (AVAssetTrack?, (any Error)?) -> Void)
c:objc(cs)AVAsset(im)loadTracksWithMediaCharacteristic:completionHandler:	411a16dab88130e0dea0c7f5bd7ae750ba47f1a97ba3d275ab1361f72c322779	reference/symbol-graphs/AVFoundation.symbols.json	0	1	1	swift.method	loadTracks(withMediaCharacteristic:)	AVAsset.loadTracks(withMediaCharacteristic:)	func loadTracks(withMediaCharacteristic mediaCharacteristic: AVMediaCharacteristic) async throws -> [AVAssetTrack]
c:objc(cs)AVAsset(im)loadTracksWithMediaCharacteristic:completionHandler:	1ea384b3da2560795e603c2bbec7dc2a21df93e500d196ddb5bf8b78ecb602e7	reference/symbol-graphs/AVFoundation.symbols.json	0	1	0	swift.method	loadTracks(withMediaCharacteristic:completionHandler:)	AVAsset.loadTracks(withMediaCharacteristic:completionHandler:)	func loadTracks(withMediaCharacteristic mediaCharacteristic: AVMediaCharacteristic, completionHandler: @escaping ([AVAssetTrack]?, (any Error)?) -> Void)
c:objc(cs)AVAsset(im)loadTracksWithMediaType:completionHandler:	10c87c1afb28ad8abe62e3c40c82742f4ec77a8b1d29624abacefefcd76bbeeb	reference/symbol-graphs/AVFoundation.symbols.json	0	1	1	swift.method	loadTracks(withMediaType:)	AVAsset.loadTracks(withMediaType:)	func loadTracks(withMediaType mediaType: AVMediaType) async throws -> [AVAssetTrack]
c:objc(cs)AVAsset(im)loadTracksWithMediaType:completionHandler:	47fb1c13cb617da6794b47c507a71c4c1753d5100264343854a8ed5f96251c34	reference/symbol-graphs/AVFoundation.symbols.json	0	1	0	swift.method	loadTracks(withMediaType:completionHandler:)	AVAsset.loadTracks(withMediaType:completionHandler:)	func loadTracks(withMediaType mediaType: AVMediaType, completionHandler: @escaping ([AVAssetTrack]?, (any Error)?) -> Void)
c:objc(cs)AVAssetExportSession(cm)determineCompatibilityOfExportPreset:withAsset:outputFileType:completionHandler:	17f8d61ac58b538a7d3227c19f69a4588b1f2141291393d137189dc0d94c6a92	reference/symbol-graphs/AVFoundation.symbols.json	0	1	1	swift.type.method	compatibility(ofExportPreset:with:outputFileType:)	AVAssetExportSession.compatibility(ofExportPreset:with:outputFileType:)	class func compatibility(ofExportPreset presetName: String, with asset: AVAsset, outputFileType: AVFileType?) async -> Bool
c:objc(cs)AVAssetExportSession(cm)determineCompatibilityOfExportPreset:withAsset:outputFileType:completionHandler:	e0bedb6eff2eeca5d14a32b00c1ce256ee968134900e9d2fa0325d68fbad2f1c	reference/symbol-graphs/AVFoundation.symbols.json	0	1	0	swift.type.method	determineCompatibility(ofExportPreset:with:outputFileType:completionHandler:)	AVAssetExportSession.determineCompatibility(ofExportPreset:with:outputFileType:completionHandler:)	class func determineCompatibility(ofExportPreset presetName: String, with asset: AVAsset, outputFileType: AVFileType?, completionHandler handler: @escaping (Bool) -> Void)
c:objc(cs)AVAssetExportSession(im)determineCompatibleFileTypesWithCompletionHandler:	885dc06c4058bfc1f861ea9bf69e952cf58a4ca2e790c5ba2297b90081cce806	reference/symbol-graphs/AVFoundation.symbols.json	0	1	1	swift.method	determineCompatibleFileTypes(completionHandler:)	AVAssetExportSession.determineCompatibleFileTypes(completionHandler:)	func determineCompatibleFileTypes(completionHandler handler: @escaping ([AVFileType]) -> Void)
c:objc(cs)AVAssetExportSession(im)determineCompatibleFileTypesWithCompletionHandler:	41a67f06bd4474eae4274de3760797c8adb622b5db8f61f2b1cfacda18f88969	reference/symbol-graphs/AVFoundation.symbols.json	0	1	0	swift.property	compatibleFileTypes	AVAssetExportSession.compatibleFileTypes	var compatibleFileTypes: [AVFileType] { get async }
c:objc(cs)AVAssetExportSession(im)estimateMaximumDurationWithCompletionHandler:	470ba80c6e518decf543e0d9cd02f900bb87ba99402a05cbd6976a44d021e07b	reference/symbol-graphs/AVFoundation.symbols.json	0	1	1	swift.method	estimateMaximumDuration(completionHandler:)	AVAssetExportSession.estimateMaximumDuration(completionHandler:)	func estimateMaximumDuration(completionHandler handler: @escaping (CMTime, (any Error)?) -> Void)
c:objc(cs)AVAssetExportSession(im)estimateMaximumDurationWithCompletionHandler:	1e5262104b118015aa07ff43d187c4876d4e32a0b602291b0ed80c3b1dbaa698	reference/symbol-graphs/AVFoundation.symbols.json	0	1	0	swift.property	estimatedMaximumDuration	AVAssetExportSession.estimatedMaximumDuration	var estimatedMaximumDuration: CMTime { get async throws }
c:objc(cs)AVAssetExportSession(im)estimateOutputFileLengthWithCompletionHandler:	2fcfb0d78fb974ed99dfa2d0edd3409e3723f127f391e9021b63e39d4f4803c1	reference/symbol-graphs/AVFoundation.symbols.json	0	1	1	swift.method	estimateOutputFileLength(completionHandler:)	AVAssetExportSession.estimateOutputFileLength(completionHandler:)	func estimateOutputFileLength(completionHandler handler: @escaping (Int64, (any Error)?) -> Void)
c:objc(cs)AVAssetExportSession(im)estimateOutputFileLengthWithCompletionHandler:	d37dd91ffd07ff5dfb6fb8e6bf8729c311417b02b7eb54cbcae206bd33baf71d	reference/symbol-graphs/AVFoundation.symbols.json	0	1	0	swift.property	estimatedOutputFileLengthInBytes	AVAssetExportSession.estimatedOutputFileLengthInBytes	var estimatedOutputFileLengthInBytes: Int64 { get async throws }
c:objc(cs)AVAssetExportSession(im)exportAsynchronouslyWithCompletionHandler:	6b888df9416ec554319fdcdb9d2ed60b7b91f6fea4f48a1864c69e47a26df0c0	reference/symbol-graphs/AVFoundation.symbols.json	0	1	1	swift.method	export()	AVAssetExportSession.export()	func export() async
c:objc(cs)AVAssetExportSession(im)exportAsynchronouslyWithCompletionHandler:	c89a345a217a6f7eabcf80dbb0e6d0d3c4575daef66e51f3b34600479b45cad3	reference/symbol-graphs/AVFoundation.symbols.json	0	1	0	swift.method	exportAsynchronously(completionHandler:)	AVAssetExportSession.exportAsynchronously(completionHandler:)	func exportAsynchronously(completionHandler handler: @escaping () -> Void)
c:objc(cs)AVAssetPlaybackAssistant(im)loadPlaybackConfigurationOptionsWithCompletionHandler:	45c394fd1ebe501813ccd6c29001eb914bf7ba321cefc92f4e0e260d114e1cde	reference/symbol-graphs/AVFoundation.symbols.json	0	1	1	swift.method	loadPlaybackConfigurationOptions(completionHandler:)	AVAssetPlaybackAssistant.loadPlaybackConfigurationOptions(completionHandler:)	func loadPlaybackConfigurationOptions(completionHandler: @escaping ([AVAssetPlaybackConfigurationOption]) -> Void)
c:objc(cs)AVAssetPlaybackAssistant(im)loadPlaybackConfigurationOptionsWithCompletionHandler:	949eba544e3bc0631b67917c9f9b9ea455e24e6e1a8956d70246f9c89d3a084c	reference/symbol-graphs/AVFoundation.symbols.json	0	1	0	swift.property	playbackConfigurationOptions	AVAssetPlaybackAssistant.playbackConfigurationOptions	var playbackConfigurationOptions: [AVAssetPlaybackConfigurationOption] { get async }
c:objc(cs)AVAssetTrack(im)loadAssociatedTracksOfType:completionHandler:	99661abaf7f8b5b6b1de083c58b9e5559d08e9540f57d10f9b99d93a674bf794	reference/symbol-graphs/AVFoundation.symbols.json	0	1	1	swift.method	loadAssociatedTracks(ofType:)	AVAssetTrack.loadAssociatedTracks(ofType:)	func loadAssociatedTracks(ofType trackAssociationType: AVAssetTrack.AssociationType) async throws -> [AVAssetTrack]
c:objc(cs)AVAssetTrack(im)loadAssociatedTracksOfType:completionHandler:	a3d840cbcebee33bfe09aecc382fe1335d507c149075cb3942d8953a47f4ea57	reference/symbol-graphs/AVFoundation.symbols.json	0	1	0	swift.method	loadAssociatedTracks(ofType:completionHandler:)	AVAssetTrack.loadAssociatedTracks(ofType:completionHandler:)	func loadAssociatedTracks(ofType trackAssociationType: AVAssetTrack.AssociationType, completionHandler: @escaping ([AVAssetTrack]?, (any Error)?) -> Void)
c:objc(cs)AVAssetTrack(im)loadMetadataForFormat:completionHandler:	421d86913cb1f7d2e9e19a8fcb7eb984d77a011ce8a29ec6010363abb0c054df	reference/symbol-graphs/AVFoundation.symbols.json	0	1	1	swift.method	loadMetadata(for:)	AVAssetTrack.loadMetadata(for:)	func loadMetadata(for format: AVMetadataFormat) async throws -> [AVMetadataItem]
c:objc(cs)AVAssetTrack(im)loadMetadataForFormat:completionHandler:	26482ab9b3cec2bceccf0968228d50def85548aa35728323ac818df0a5a7f0e8	reference/symbol-graphs/AVFoundation.symbols.json	0	1	0	swift.method	loadMetadata(for:completionHandler:)	AVAssetTrack.loadMetadata(for:completionHandler:)	func loadMetadata(for format: AVMetadataFormat, completionHandler: @escaping ([AVMetadataItem]?, (any Error)?) -> Void)
c:objc(cs)AVAssetTrack(im)loadSamplePresentationTimeForTrackTime:completionHandler:	0d23a6e106cf97163f00fa8cc8d1f590348afbd82085ecd9a0bf0b7a1024a92d	reference/symbol-graphs/AVFoundation.symbols.json	0	1	1	swift.method	loadSamplePresentationTime(forTrackTime:)	AVAssetTrack.loadSamplePresentationTime(forTrackTime:)	func loadSamplePresentationTime(forTrackTime trackTime: CMTime) async throws -> CMTime
c:objc(cs)AVAssetTrack(im)loadSamplePresentationTimeForTrackTime:completionHandler:	ad4357637a1a60d77e814e87c9b4630ad5b71689b568e20bba8bbed41fcc4eaa	reference/symbol-graphs/AVFoundation.symbols.json	0	1	0	swift.method	loadSamplePresentationTime(forTrackTime:completionHandler:)	AVAssetTrack.loadSamplePresentationTime(forTrackTime:completionHandler:)	func loadSamplePresentationTime(forTrackTime trackTime: CMTime, completionHandler: @escaping (CMTime, (any Error)?) -> Void)
c:objc(cs)AVAssetTrack(im)loadSegmentForTrackTime:completionHandler:	8b89c72d5eeea1116015fc8fd122f5bb1b5a693aee168efe00b0279116a3b628	reference/symbol-graphs/AVFoundation.symbols.json	0	1	1	swift.method	loadSegment(forTrackTime:)	AVAssetTrack.loadSegment(forTrackTime:)	func loadSegment(forTrackTime trackTime: CMTime) async throws -> AVAssetTrackSegment?
c:objc(cs)AVAssetTrack(im)loadSegmentForTrackTime:completionHandler:	a9cc72608a59bccc29d9995fcb9b98138a5c52c2fcda08ba334686c921f86f7a	reference/symbol-graphs/AVFoundation.symbols.json	0	1	0	swift.method	loadSegment(forTrackTime:completionHandler:)	AVAssetTrack.loadSegment(forTrackTime:completionHandler:)	func loadSegment(forTrackTime trackTime: CMTime, completionHandler: @escaping (AVAssetTrackSegment?, (any Error)?) -> Void)
c:objc(cs)AVAssetWriter(im)finishWritingWithCompletionHandler:	9dd152150057c920b65b60c71fd3e4cfef4330ca01cd34be19e8e59aa5043403	reference/symbol-graphs/AVFoundation.symbols.json	0	1	1	swift.method	finishWriting(completionHandler:)	AVAssetWriter.finishWriting(completionHandler:)	func finishWriting(completionHandler handler: @escaping () -> Void)
c:objc(cs)AVAssetWriter(im)finishWritingWithCompletionHandler:	7d702f1f1915a84df5b64a489b4f1224be593011672661cebd952a220951a401	reference/symbol-graphs/AVFoundation.symbols.json	0	1	0	swift.method	finishWriting()	AVAssetWriter.finishWriting()	func finishWriting() async
c:objc(cs)AVCaptureDevice(cm)requestAccessForMediaType:completionHandler:	898723e0174e540b5e1daf479226f8205f30e8cc250bcf88dfa3008260aea06a	reference/symbol-graphs/AVFoundation.symbols.json	0	1	1	swift.type.method	requestAccess(for:)	AVCaptureDevice.requestAccess(for:)	class func requestAccess(for mediaType: AVMediaType) async -> Bool
c:objc(cs)AVCaptureDevice(cm)requestAccessForMediaType:completionHandler:	de5c3d046126ce9e6ec4333f3d1183076f367fe557a4a35d81c4b3f2af8d9d87	reference/symbol-graphs/AVFoundation.symbols.json	0	1	0	swift.type.method	requestAccess(for:completionHandler:)	AVCaptureDevice.requestAccess(for:completionHandler:)	class func requestAccess(for mediaType: AVMediaType, completionHandler handler: @escaping (Bool) -> Void)
c:objc(cs)AVCaptureDevice(im)setDynamicAspectRatio:completionHandler:	5bad0efe0e819ba1648f13a2b378f44c7d37909b1101dd9c469645ffc6ae8218	reference/symbol-graphs/AVFoundation.symbols.json	0	1	1	swift.method	setDynamicAspectRatio(_:)	AVCaptureDevice.setDynamicAspectRatio(_:)	func setDynamicAspectRatio(_ dynamicAspectRatio: AVCaptureDevice.AspectRatio) async throws -> CMTime
c:objc(cs)AVCaptureDevice(im)setDynamicAspectRatio:completionHandler:	7506a714c879972240a960709b4fe25e48cb74b7b987496e8aeae9ff4bd605a2	reference/symbol-graphs/AVFoundation.symbols.json	0	1	0	swift.method	setDynamicAspectRatio(_:completionHandler:)	AVCaptureDevice.setDynamicAspectRatio(_:completionHandler:)	func setDynamicAspectRatio(_ dynamicAspectRatio: AVCaptureDevice.AspectRatio, completionHandler handler: ((CMTime, (any Error)?) -> Void)? = nil)
c:objc(cs)AVCaptureDevice(im)setExposureModeCustomWithDuration:ISO:completionHandler:	90edba4a9b9b9c12984bbcb8a5455f0f551a37454aef290ead9babc46fb68ef4	reference/symbol-graphs/AVFoundation.symbols.json	0	1	1	swift.method	setExposureModeCustom(duration:iso:)	AVCaptureDevice.setExposureModeCustom(duration:iso:)	func setExposureModeCustom(duration: CMTime, iso ISO: Float) async -> CMTime
c:objc(cs)AVCaptureDevice(im)setExposureModeCustomWithDuration:ISO:completionHandler:	804ff8fde6287f3484f458418281278184411302e615f87c71dcbcfc7ce072b4	reference/symbol-graphs/AVFoundation.symbols.json	0	1	0	swift.method	setExposureModeCustom(duration:iso:completionHandler:)	AVCaptureDevice.setExposureModeCustom(duration:iso:completionHandler:)	func setExposureModeCustom(duration: CMTime, iso ISO: Float, completionHandler handler: ((CMTime) -> Void)? = nil)
c:objc(cs)AVCaptureDevice(im)setExposureTargetBias:completionHandler:	73d07639b76d8e706374fb7ce8e4d445d332e40086bc5a4c1c5a25f75be50b54	reference/symbol-graphs/AVFoundation.symbols.json	0	1	1	swift.method	setExposureTargetBias(_:)	AVCaptureDevice.setExposureTargetBias(_:)	func setExposureTargetBias(_ bias: Float) async -> CMTime
c:objc(cs)AVCaptureDevice(im)setExposureTargetBias:completionHandler:	f52e0a32906c009eee55c046a58869d3ab705333442e2823e7819e70414b190c	reference/symbol-graphs/AVFoundation.symbols.json	0	1	0	swift.method	setExposureTargetBias(_:completionHandler:)	AVCaptureDevice.setExposureTargetBias(_:completionHandler:)	func setExposureTargetBias(_ bias: Float, completionHandler handler: ((CMTime) -> Void)? = nil)
c:objc(cs)AVCaptureDevice(im)setFocusModeLockedWithLensPosition:completionHandler:	f857cb8ff5062eaaa226ea3bf7718231bd79f5aa5456e7e2265a2b30c579e74e	reference/symbol-graphs/AVFoundation.symbols.json	0	1	1	swift.method	setFocusModeLocked(lensPosition:)	AVCaptureDevice.setFocusModeLocked(lensPosition:)	func setFocusModeLocked(lensPosition: Float) async -> CMTime
c:objc(cs)AVCaptureDevice(im)setFocusModeLockedWithLensPosition:completionHandler:	bd67dbcf3794a14d32e4c91cb1fd665c72369c25899ac32fb94299923895caf0	reference/symbol-graphs/AVFoundation.symbols.json	0	1	0	swift.method	setFocusModeLocked(lensPosition:completionHandler:)	AVCaptureDevice.setFocusModeLocked(lensPosition:completionHandler:)	func setFocusModeLocked(lensPosition: Float, completionHandler handler: ((CMTime) -> Void)? = nil)
c:objc(cs)AVCaptureDevice(im)setWhiteBalanceModeLockedWithDeviceWhiteBalanceGains:completionHandler:	57db27576c083175a3d862ea00c68ad18ffd6251cac293898bdded4555a0776e	reference/symbol-graphs/AVFoundation.symbols.json	0	1	1	swift.method	setWhiteBalanceModeLocked(with:)	AVCaptureDevice.setWhiteBalanceModeLocked(with:)	func setWhiteBalanceModeLocked(with whiteBalanceGains: AVCaptureDevice.WhiteBalanceGains) async -> CMTime
c:objc(cs)AVCaptureDevice(im)setWhiteBalanceModeLockedWithDeviceWhiteBalanceGains:completionHandler:	a4f5dcc23c4f15fc7d542b3f948f26100fff6acedc20a84e8b8a5f6974e9a900	reference/symbol-graphs/AVFoundation.symbols.json	0	1	0	swift.method	setWhiteBalanceModeLocked(with:completionHandler:)	AVCaptureDevice.setWhiteBalanceModeLocked(with:completionHandler:)	func setWhiteBalanceModeLocked(with whiteBalanceGains: AVCaptureDevice.WhiteBalanceGains, completionHandler handler: ((CMTime) -> Void)? = nil)
c:objc(cs)AVCapturePhotoOutput(im)setPreparedPhotoSettingsArray:completionHandler:	b0499a56d6ead3b9363b668dabc857d21dd5a83b09890a7db99cf962c3caebcf	reference/symbol-graphs/AVFoundation.symbols.json	0	1	1	swift.method	setPreparedPhotoSettingsArray(_:)	AVCapturePhotoOutput.setPreparedPhotoSettingsArray(_:)	func setPreparedPhotoSettingsArray(_ preparedPhotoSettingsArray: [AVCapturePhotoSettings]) async throws
c:objc(cs)AVCapturePhotoOutput(im)setPreparedPhotoSettingsArray:completionHandler:	3670996afc3d09f748a7210d0ff92763f0c5f4596eef137db3c9bc5f343ebc83	reference/symbol-graphs/AVFoundation.symbols.json	0	1	0	swift.method	setPreparedPhotoSettingsArray(_:completionHandler:)	AVCapturePhotoOutput.setPreparedPhotoSettingsArray(_:completionHandler:)	func setPreparedPhotoSettingsArray(_ preparedPhotoSettingsArray: [AVCapturePhotoSettings], completionHandler: ((Bool, (any Error)?) -> Void)? = nil)
c:objc(cs)AVComposition(im)loadTrackWithTrackID:completionHandler:	be6461cae1b0b153be8c82d4b01602eb24e27655f146e1939674e94d700135d3	reference/symbol-graphs/AVFoundation.symbols.json	0	1	1	swift.method	loadTrack(withTrackID:)	AVComposition.loadTrack(withTrackID:)	func loadTrack(withTrackID trackID: CMPersistentTrackID) async throws -> AVCompositionTrack?
c:objc(cs)AVComposition(im)loadTrackWithTrackID:completionHandler:	c5a60a7e29a26704b0c457ab6f337252869db318742204daf1852874401f39a9	reference/symbol-graphs/AVFoundation.symbols.json	0	1	0	swift.method	loadTrack(withTrackID:completionHandler:)	AVComposition.loadTrack(withTrackID:completionHandler:)	func loadTrack(withTrackID trackID: CMPersistentTrackID, completionHandler: @escaping (AVCompositionTrack?, (any Error)?) -> Void)
c:objc(cs)AVComposition(im)loadTracksWithMediaCharacteristic:completionHandler:	d6402c9991b230f90f9dbedf277c1f5230e0839dff49993944f18627b5d7549a	reference/symbol-graphs/AVFoundation.symbols.json	0	1	1	swift.method	loadTracks(withMediaCharacteristic:)	AVComposition.loadTracks(withMediaCharacteristic:)	func loadTracks(withMediaCharacteristic mediaCharacteristic: AVMediaCharacteristic) async throws -> [AVCompositionTrack]
c:objc(cs)AVComposition(im)loadTracksWithMediaCharacteristic:completionHandler:	57cf06f1949194d902f668f81cff60e1406a1909841aa3db0a267c5cc6c1d741	reference/symbol-graphs/AVFoundation.symbols.json	0	1	0	swift.method	loadTracks(withMediaCharacteristic:completionHandler:)	AVComposition.loadTracks(withMediaCharacteristic:completionHandler:)	func loadTracks(withMediaCharacteristic mediaCharacteristic: AVMediaCharacteristic, completionHandler: @escaping ([AVCompositionTrack]?, (any Error)?) -> Void)
c:objc(cs)AVComposition(im)loadTracksWithMediaType:completionHandler:	e6ed1519dcaecd2f9108c77e4e3b54265ad45f81243cf9cf1774010d32cc890f	reference/symbol-graphs/AVFoundation.symbols.json	0	1	1	swift.method	loadTracks(withMediaType:)	AVComposition.loadTracks(withMediaType:)	func loadTracks(withMediaType mediaType: AVMediaType) async throws -> [AVCompositionTrack]
c:objc(cs)AVComposition(im)loadTracksWithMediaType:completionHandler:	e46bf2fe22e11de6898835a36e2c2e40e12d7c0c121d3e3440829f5e6dc4ac9b	reference/symbol-graphs/AVFoundation.symbols.json	0	1	0	swift.method	loadTracks(withMediaType:completionHandler:)	AVComposition.loadTracks(withMediaType:completionHandler:)	func loadTracks(withMediaType mediaType: AVMediaType, completionHandler: @escaping ([AVCompositionTrack]?, (any Error)?) -> Void)
c:objc(cs)AVContentKeyRequest(im)makeStreamingContentKeyRequestDataForApp:contentIdentifier:options:completionHandler:	35e4b4f8ddce9c21d742fa7f93258c52396be9da5fd0035fd30d9f3c817d7c0a	reference/symbol-graphs/AVFoundation.symbols.json	0	1	1	swift.method	makeStreamingContentKeyRequestData(forApp:contentIdentifier:options:)	AVContentKeyRequest.makeStreamingContentKeyRequestData(forApp:contentIdentifier:options:)	func makeStreamingContentKeyRequestData(forApp appIdentifier: Data, contentIdentifier: Data?, options: [String : Any]? = nil) async throws -> Data
c:objc(cs)AVContentKeyRequest(im)makeStreamingContentKeyRequestDataForApp:contentIdentifier:options:completionHandler:	e3c52c0a2aee802692b42768d36dadcc22df59ff2a2d04f7fe4a877d54634f13	reference/symbol-graphs/AVFoundation.symbols.json	0	1	0	swift.method	makeStreamingContentKeyRequestData(forApp:contentIdentifier:options:completionHandler:)	AVContentKeyRequest.makeStreamingContentKeyRequestData(forApp:contentIdentifier:options:completionHandler:)	func makeStreamingContentKeyRequestData(forApp appIdentifier: Data, contentIdentifier: Data?, options: [String : Any]? = nil, completionHandler handler: @escaping (Data?, (any Error)?) -> Void)
c:objc(cs)AVContentKeySession(im)invalidateAllPersistableContentKeysForApp:options:completionHandler:	0367511b15e9953d22ad99fd11143981183e1375a3fd833e3c4cc202ac75b10b	reference/symbol-graphs/AVFoundation.symbols.json	0	1	1	swift.method	invalidateAllPersistableContentKeys(forApp:options:)	AVContentKeySession.invalidateAllPersistableContentKeys(forApp:options:)	func invalidateAllPersistableContentKeys(forApp appIdentifier: Data, options: [AVContentKeySessionServerPlaybackContextOption : Any]? = nil) async throws -> Data
c:objc(cs)AVContentKeySession(im)invalidateAllPersistableContentKeysForApp:options:completionHandler:	b28612638a2acee1aa0f4ae73c8d24c63506e817a686cc22a82092aa5c8090d8	reference/symbol-graphs/AVFoundation.symbols.json	0	1	0	swift.method	invalidateAllPersistableContentKeys(forApp:options:completionHandler:)	AVContentKeySession.invalidateAllPersistableContentKeys(forApp:options:completionHandler:)	func invalidateAllPersistableContentKeys(forApp appIdentifier: Data, options: [AVContentKeySessionServerPlaybackContextOption : Any]? = nil, completionHandler handler: @escaping (Data?, (any Error)?) -> Void)
c:objc(cs)AVContentKeySession(im)invalidatePersistableContentKey:options:completionHandler:	45123de1202f2f05d52c594005e432ec8140759d3a189985c20ad557df6ae652	reference/symbol-graphs/AVFoundation.symbols.json	0	1	1	swift.method	invalidatePersistableContentKey(_:options:)	AVContentKeySession.invalidatePersistableContentKey(_:options:)	func invalidatePersistableContentKey(_ persistableContentKeyData: Data, options: [AVContentKeySessionServerPlaybackContextOption : Any]? = nil) async throws -> Data
c:objc(cs)AVContentKeySession(im)invalidatePersistableContentKey:options:completionHandler:	18b870ae53099f56f8b26797fe33034105e1b426d1b35dd608c6d92af57c023f	reference/symbol-graphs/AVFoundation.symbols.json	0	1	0	swift.method	invalidatePersistableContentKey(_:options:completionHandler:)	AVContentKeySession.invalidatePersistableContentKey(_:options:completionHandler:)	func invalidatePersistableContentKey(_ persistableContentKeyData: Data, options: [AVContentKeySessionServerPlaybackContextOption : Any]? = nil, completionHandler handler: @escaping (Data?, (any Error)?) -> Void)
c:objc(cs)AVContentKeySession(im)makeSecureTokenForExpirationDateOfPersistableContentKey:completionHandler:	90d7fb9f3fd79f45badf474f26fbab5709720db8190e99e2589c7a8371685acd	reference/symbol-graphs/AVFoundation.symbols.json	0	1	1	swift.method	makeSecureTokenForExpirationDate(ofPersistableContentKey:)	AVContentKeySession.makeSecureTokenForExpirationDate(ofPersistableContentKey:)	func makeSecureTokenForExpirationDate(ofPersistableContentKey persistableContentKeyData: Data) async throws -> Data
c:objc(cs)AVContentKeySession(im)makeSecureTokenForExpirationDateOfPersistableContentKey:completionHandler:	c575c662620c7031b3d9f38447f774e687c630783fa92bec54f33f88951450f4	reference/symbol-graphs/AVFoundation.symbols.json	0	1	0	swift.method	makeSecureTokenForExpirationDate(ofPersistableContentKey:completionHandler:)	AVContentKeySession.makeSecureTokenForExpirationDate(ofPersistableContentKey:completionHandler:)	func makeSecureTokenForExpirationDate(ofPersistableContentKey persistableContentKeyData: Data, completionHandler handler: @escaping (Data?, (any Error)?) -> Void)
c:objc(cs)AVExternalStorageDevice(cm)requestAccessWithCompletionHandler:	6c3748f43cecd636c09bcdcac84cef43d71e617b397b0d663ec3c5105bc289b3	reference/symbol-graphs/AVFoundation.symbols.json	0	1	1	swift.type.method	requestAccess(completionHandler:)	AVExternalStorageDevice.requestAccess(completionHandler:)	class func requestAccess(completionHandler handler: @escaping (Bool) -> Void)
c:objc(cs)AVExternalStorageDevice(cm)requestAccessWithCompletionHandler:	170e96b79b37ad842149249645970fa121d9be526ca22d6804e8177f09eafce5	reference/symbol-graphs/AVFoundation.symbols.json	0	1	0	swift.type.method	requestAccess()	AVExternalStorageDevice.requestAccess()	class func requestAccess() async -> Bool
c:objc(cs)AVFragmentedAsset(im)loadTrackWithTrackID:completionHandler:	5a6e1021a3df59d2b8d2061afc7aba917f4ab313611229daeadcc513cce6bc22	reference/symbol-graphs/AVFoundation.symbols.json	0	1	1	swift.method	loadTrack(withTrackID:)	AVFragmentedAsset.loadTrack(withTrackID:)	func loadTrack(withTrackID trackID: CMPersistentTrackID) async throws -> AVFragmentedAssetTrack?
c:objc(cs)AVFragmentedAsset(im)loadTrackWithTrackID:completionHandler:	81f3647e0fd6ad599e8290d327e8ae5c7735ef92647712f8dc4546f04b898aed	reference/symbol-graphs/AVFoundation.symbols.json	0	1	0	swift.method	loadTrack(withTrackID:completionHandler:)	AVFragmentedAsset.loadTrack(withTrackID:completionHandler:)	func loadTrack(withTrackID trackID: CMPersistentTrackID, completionHandler: @escaping (AVFragmentedAssetTrack?, (any Error)?) -> Void)
c:objc(cs)AVFragmentedAsset(im)loadTracksWithMediaCharacteristic:completionHandler:	15fc1fba67b04851eb60bbbbc798082399f9b8d7618038d96deed067a8352432	reference/symbol-graphs/AVFoundation.symbols.json	0	1	1	swift.method	loadTracks(withMediaCharacteristic:)	AVFragmentedAsset.loadTracks(withMediaCharacteristic:)	func loadTracks(withMediaCharacteristic mediaCharacteristic: AVMediaCharacteristic) async throws -> [AVFragmentedAssetTrack]
c:objc(cs)AVFragmentedAsset(im)loadTracksWithMediaCharacteristic:completionHandler:	333a0642bebac44f83f681d939fa64e2d4e1284c1596fa374da089bad7366032	reference/symbol-graphs/AVFoundation.symbols.json	0	1	0	swift.method	loadTracks(withMediaCharacteristic:completionHandler:)	AVFragmentedAsset.loadTracks(withMediaCharacteristic:completionHandler:)	func loadTracks(withMediaCharacteristic mediaCharacteristic: AVMediaCharacteristic, completionHandler: @escaping ([AVFragmentedAssetTrack]?, (any Error)?) -> Void)
c:objc(cs)AVFragmentedAsset(im)loadTracksWithMediaType:completionHandler:	b13d8b9639fecabc477af18d75887f17a71a7176fceafe732c0ac297fb6c70bd	reference/symbol-graphs/AVFoundation.symbols.json	0	1	1	swift.method	loadTracks(withMediaType:)	AVFragmentedAsset.loadTracks(withMediaType:)	func loadTracks(withMediaType mediaType: AVMediaType) async throws -> [AVFragmentedAssetTrack]
c:objc(cs)AVFragmentedAsset(im)loadTracksWithMediaType:completionHandler:	bbdad1c29cf603d08161a21821598146244253297878c576685ae747d85769c5	reference/symbol-graphs/AVFoundation.symbols.json	0	1	0	swift.method	loadTracks(withMediaType:completionHandler:)	AVFragmentedAsset.loadTracks(withMediaType:completionHandler:)	func loadTracks(withMediaType mediaType: AVMediaType, completionHandler: @escaping ([AVFragmentedAssetTrack]?, (any Error)?) -> Void)
c:objc(cs)AVFragmentedMovie(im)loadTrackWithTrackID:completionHandler:	43fd7adbf8a982faaa6a9e76efda26e60bc61bc2381dd3e71867e4164dd3ead8	reference/symbol-graphs/AVFoundation.symbols.json	0	1	1	swift.method	loadTrack(withTrackID:)	AVFragmentedMovie.loadTrack(withTrackID:)	func loadTrack(withTrackID trackID: CMPersistentTrackID) async throws -> AVFragmentedMovieTrack?
c:objc(cs)AVFragmentedMovie(im)loadTrackWithTrackID:completionHandler:	aa6b965dc2f01edc692bbc1d5e2e9698e7ccf0415e164a59b99b07c6f2709aae	reference/symbol-graphs/AVFoundation.symbols.json	0	1	0	swift.method	loadTrack(withTrackID:completionHandler:)	AVFragmentedMovie.loadTrack(withTrackID:completionHandler:)	func loadTrack(withTrackID trackID: CMPersistentTrackID, completionHandler: @escaping (AVFragmentedMovieTrack?, (any Error)?) -> Void)
c:objc(cs)AVFragmentedMovie(im)loadTracksWithMediaCharacteristic:completionHandler:	086360a67b5e2512c52c7b3db77eb1ab019f6f577a4b1215f5595d521a1f4450	reference/symbol-graphs/AVFoundation.symbols.json	0	1	1	swift.method	loadTracks(withMediaCharacteristic:)	AVFragmentedMovie.loadTracks(withMediaCharacteristic:)	func loadTracks(withMediaCharacteristic mediaCharacteristic: AVMediaCharacteristic) async throws -> [AVFragmentedMovieTrack]
c:objc(cs)AVFragmentedMovie(im)loadTracksWithMediaCharacteristic:completionHandler:	40467e9004f65ae3daa31f3a067fbb23fccc0fe351acb8e511de7860aaef48ef	reference/symbol-graphs/AVFoundation.symbols.json	0	1	0	swift.method	loadTracks(withMediaCharacteristic:completionHandler:)	AVFragmentedMovie.loadTracks(withMediaCharacteristic:completionHandler:)	func loadTracks(withMediaCharacteristic mediaCharacteristic: AVMediaCharacteristic, completionHandler: @escaping ([AVFragmentedMovieTrack]?, (any Error)?) -> Void)
c:objc(cs)AVFragmentedMovie(im)loadTracksWithMediaType:completionHandler:	fccb786e4743c407087591d9c9982dc3822bf16a8a8fd4383b59774593bc97a6	reference/symbol-graphs/AVFoundation.symbols.json	0	1	1	swift.method	loadTracks(withMediaType:)	AVFragmentedMovie.loadTracks(withMediaType:)	func loadTracks(withMediaType mediaType: AVMediaType) async throws -> [AVFragmentedMovieTrack]
c:objc(cs)AVFragmentedMovie(im)loadTracksWithMediaType:completionHandler:	4a69bfa296b77a9fcc90a5e341e3bc6c69cdc042bc27473ab455f2023080ec6c	reference/symbol-graphs/AVFoundation.symbols.json	0	1	0	swift.method	loadTracks(withMediaType:completionHandler:)	AVFragmentedMovie.loadTracks(withMediaType:completionHandler:)	func loadTracks(withMediaType mediaType: AVMediaType, completionHandler: @escaping ([AVFragmentedMovieTrack]?, (any Error)?) -> Void)
c:objc(cs)AVMetadataItem(cm)metadataItemWithPropertiesOfMetadataItem:valueLoadingHandler:	ee33ae0b2129d3d3128441ff624d4253402f552a8386754d67a6638ae16be7c4	reference/symbol-graphs/AVFoundation.symbols.json	0	1	1	swift.init	init(propertiesOfMetadataItem:valueLoadingHandler:)	AVMetadataItem.init(propertiesOfMetadataItem:valueLoadingHandler:)	init(propertiesOfMetadataItem metadataItem: AVMetadataItem, valueLoadingHandler handler: @escaping (AVMetadataItemValueRequest) -> Void)
c:objc(cs)AVMetadataItem(cm)metadataItemWithPropertiesOfMetadataItem:valueLoadingHandler:	da39291862e89bb88d7d8ba2ca5d2386b66d998a18afabb48ec6c052b753a20f	reference/symbol-graphs/AVFoundation.symbols.json	0	1	0	swift.init	init(propertiesOf:valueLoadingHandler:)	AVMetadataItem.init(propertiesOf:valueLoadingHandler:)	init(propertiesOf metadataItem: AVMetadataItem, valueLoadingHandler handler: @escaping (AVMetadataItemValueRequest) -> Void)
c:objc(cs)AVMovie(im)loadTrackWithTrackID:completionHandler:	08777fc792b417ea9bab153cc8d0a29a4f53bc88bd2c785414f1ff1b4efe7021	reference/symbol-graphs/AVFoundation.symbols.json	0	1	1	swift.method	loadTrack(withTrackID:)	AVMovie.loadTrack(withTrackID:)	func loadTrack(withTrackID trackID: CMPersistentTrackID) async throws -> AVMovieTrack?
c:objc(cs)AVMovie(im)loadTrackWithTrackID:completionHandler:	f4e691f202b016bcbf920e52834592a5ebff5b3c41e363a2f6bcbf9882ea8ba1	reference/symbol-graphs/AVFoundation.symbols.json	0	1	0	swift.method	loadTrack(withTrackID:completionHandler:)	AVMovie.loadTrack(withTrackID:completionHandler:)	func loadTrack(withTrackID trackID: CMPersistentTrackID, completionHandler: @escaping (AVMovieTrack?, (any Error)?) -> Void)
c:objc(cs)AVMovie(im)loadTracksWithMediaCharacteristic:completionHandler:	19300ab9e04c71714fc8859c77a04136e0b53e2c9db99ae2a2c0af911c1fa3e9	reference/symbol-graphs/AVFoundation.symbols.json	0	1	1	swift.method	loadTracks(withMediaCharacteristic:)	AVMovie.loadTracks(withMediaCharacteristic:)	func loadTracks(withMediaCharacteristic mediaCharacteristic: AVMediaCharacteristic) async throws -> [AVMovieTrack]
c:objc(cs)AVMovie(im)loadTracksWithMediaCharacteristic:completionHandler:	8aa2b04f2490dd6595c385b7399e3437c50e1cc4d607579ad6115bfac23665df	reference/symbol-graphs/AVFoundation.symbols.json	0	1	0	swift.method	loadTracks(withMediaCharacteristic:completionHandler:)	AVMovie.loadTracks(withMediaCharacteristic:completionHandler:)	func loadTracks(withMediaCharacteristic mediaCharacteristic: AVMediaCharacteristic, completionHandler: @escaping ([AVMovieTrack]?, (any Error)?) -> Void)
c:objc(cs)AVMovie(im)loadTracksWithMediaType:completionHandler:	2109d8d7923312bce5f02e93d515c1d3c35532ef08e882dba24eab51a84ad904	reference/symbol-graphs/AVFoundation.symbols.json	0	1	1	swift.method	loadTracks(withMediaType:)	AVMovie.loadTracks(withMediaType:)	func loadTracks(withMediaType mediaType: AVMediaType) async throws -> [AVMovieTrack]
c:objc(cs)AVMovie(im)loadTracksWithMediaType:completionHandler:	efb59ce2107374a3b4da2fcf952910b562e9c11492ee9f7eb95ef2b5b4dc9dc0	reference/symbol-graphs/AVFoundation.symbols.json	0	1	0	swift.method	loadTracks(withMediaType:completionHandler:)	AVMovie.loadTracks(withMediaType:completionHandler:)	func loadTracks(withMediaType mediaType: AVMediaType, completionHandler: @escaping ([AVMovieTrack]?, (any Error)?) -> Void)
c:objc(cs)AVMutableComposition(im)loadTrackWithTrackID:completionHandler:	ddd2d3737037d1fa5a3bcd37b2c13ad925f03a44911029df79d714d2ac596940	reference/symbol-graphs/AVFoundation.symbols.json	0	1	1	swift.method	loadTrack(withTrackID:)	AVMutableComposition.loadTrack(withTrackID:)	func loadTrack(withTrackID trackID: CMPersistentTrackID) async throws -> AVMutableCompositionTrack?
c:objc(cs)AVMutableComposition(im)loadTrackWithTrackID:completionHandler:	082e37064c068f052aca1234c17fd4ba62de0c863f5755556896e1929671bb03	reference/symbol-graphs/AVFoundation.symbols.json	0	1	0	swift.method	loadTrack(withTrackID:completionHandler:)	AVMutableComposition.loadTrack(withTrackID:completionHandler:)	func loadTrack(withTrackID trackID: CMPersistentTrackID, completionHandler: @escaping (AVMutableCompositionTrack?, (any Error)?) -> Void)
c:objc(cs)AVMutableComposition(im)loadTracksWithMediaCharacteristic:completionHandler:	abaeb9f5e71fac5a2ebb40fdcb19c448f10538678b0e3d70b539242dffb7a0ac	reference/symbol-graphs/AVFoundation.symbols.json	0	1	1	swift.method	loadTracks(withMediaCharacteristic:)	AVMutableComposition.loadTracks(withMediaCharacteristic:)	func loadTracks(withMediaCharacteristic mediaCharacteristic: AVMediaCharacteristic) async throws -> [AVMutableCompositionTrack]
c:objc(cs)AVMutableComposition(im)loadTracksWithMediaCharacteristic:completionHandler:	c3f012da2a1e4445216a586ae1a3d150ed633e3b5fd2aca2d702e5045ee81c49	reference/symbol-graphs/AVFoundation.symbols.json	0	1	0	swift.method	loadTracks(withMediaCharacteristic:completionHandler:)	AVMutableComposition.loadTracks(withMediaCharacteristic:completionHandler:)	func loadTracks(withMediaCharacteristic mediaCharacteristic: AVMediaCharacteristic, completionHandler: @escaping ([AVMutableCompositionTrack]?, (any Error)?) -> Void)
c:objc(cs)AVMutableComposition(im)loadTracksWithMediaType:completionHandler:	d13c48424fb357771dafabc47f1daaad5eb2f0767a684c37cca4ebea2d343229	reference/symbol-graphs/AVFoundation.symbols.json	0	1	1	swift.method	loadTracks(withMediaType:)	AVMutableComposition.loadTracks(withMediaType:)	func loadTracks(withMediaType mediaType: AVMediaType) async throws -> [AVMutableCompositionTrack]
c:objc(cs)AVMutableComposition(im)loadTracksWithMediaType:completionHandler:	9de501692191e0522d2e219f98659500c7450738a85a3127c2b6cbd0e7459b59	reference/symbol-graphs/AVFoundation.symbols.json	0	1	0	swift.method	loadTracks(withMediaType:completionHandler:)	AVMutableComposition.loadTracks(withMediaType:completionHandler:)	func loadTracks(withMediaType mediaType: AVMediaType, completionHandler: @escaping ([AVMutableCompositionTrack]?, (any Error)?) -> Void)
c:objc(cs)AVMutableMovie(im)loadTrackWithTrackID:completionHandler:	9f934401f51e7773571e000787b8de1375904f1a3a70088c09b4c55a0529e10d	reference/symbol-graphs/AVFoundation.symbols.json	0	1	1	swift.method	loadTrack(withTrackID:)	AVMutableMovie.loadTrack(withTrackID:)	func loadTrack(withTrackID trackID: CMPersistentTrackID) async throws -> AVMutableMovieTrack?
c:objc(cs)AVMutableMovie(im)loadTrackWithTrackID:completionHandler:	68fbdd51ea7684e9d3d7f3382ba4010d6bfaba8ed2d433e0e1d577c696071c41	reference/symbol-graphs/AVFoundation.symbols.json	0	1	0	swift.method	loadTrack(withTrackID:completionHandler:)	AVMutableMovie.loadTrack(withTrackID:completionHandler:)	func loadTrack(withTrackID trackID: CMPersistentTrackID, completionHandler: @escaping (AVMutableMovieTrack?, (any Error)?) -> Void)
c:objc(cs)AVMutableMovie(im)loadTracksWithMediaCharacteristic:completionHandler:	9bdf3739f5a1b60632de5234904263e77cb4a643146b9fb1dd3a34e453baa98e	reference/symbol-graphs/AVFoundation.symbols.json	0	1	1	swift.method	loadTracks(withMediaCharacteristic:)	AVMutableMovie.loadTracks(withMediaCharacteristic:)	func loadTracks(withMediaCharacteristic mediaCharacteristic: AVMediaCharacteristic) async throws -> [AVMutableMovieTrack]
c:objc(cs)AVMutableMovie(im)loadTracksWithMediaCharacteristic:completionHandler:	1b091ea56fdc47c71379718f80593df34984ae345c7c84b7e6ccecf333674024	reference/symbol-graphs/AVFoundation.symbols.json	0	1	0	swift.method	loadTracks(withMediaCharacteristic:completionHandler:)	AVMutableMovie.loadTracks(withMediaCharacteristic:completionHandler:)	func loadTracks(withMediaCharacteristic mediaCharacteristic: AVMediaCharacteristic, completionHandler: @escaping ([AVMutableMovieTrack]?, (any Error)?) -> Void)
c:objc(cs)AVMutableMovie(im)loadTracksWithMediaType:completionHandler:	d8ebb69b5e48f34c2ef75453d6911fdd99ce76a2bf42e54c9bfb774c207c7fc7	reference/symbol-graphs/AVFoundation.symbols.json	0	1	1	swift.method	loadTracks(withMediaType:)	AVMutableMovie.loadTracks(withMediaType:)	func loadTracks(withMediaType mediaType: AVMediaType) async throws -> [AVMutableMovieTrack]
c:objc(cs)AVMutableMovie(im)loadTracksWithMediaType:completionHandler:	fc86ddac71dde36285f5fbd926441c1cb7c23574562d46d4a21872165040cd6b	reference/symbol-graphs/AVFoundation.symbols.json	0	1	0	swift.method	loadTracks(withMediaType:completionHandler:)	AVMutableMovie.loadTracks(withMediaType:completionHandler:)	func loadTracks(withMediaType mediaType: AVMediaType, completionHandler: @escaping ([AVMutableMovieTrack]?, (any Error)?) -> Void)
c:objc(cs)AVMutableVideoComposition(cm)videoCompositionWithAsset:applyingCIFiltersWithHandler:completionHandler:	30df88dd982d9f9023a0ba3926a04210f73896865bc9b6d3a9e35124d72fe80e	reference/symbol-graphs/AVFoundation.symbols.json	0	1	1	swift.type.method	videoComposition(with:applyingCIFiltersWithHandler:)	AVMutableVideoComposition.videoComposition(with:applyingCIFiltersWithHandler:)	class func videoComposition(with asset: AVAsset, applyingCIFiltersWithHandler applier: @escaping (AVAsynchronousCIImageFilteringRequest) -> Void) async throws -> AVMutableVideoComposition
c:objc(cs)AVMutableVideoComposition(cm)videoCompositionWithAsset:applyingCIFiltersWithHandler:completionHandler:	17327ccb96094dec55e6ba0112ba045d43b7d3feb47d913494ba3dddddca1376	reference/symbol-graphs/AVFoundation.symbols.json	0	1	0	swift.type.method	videoComposition(with:applyingCIFiltersWithHandler:completionHandler:)	AVMutableVideoComposition.videoComposition(with:applyingCIFiltersWithHandler:completionHandler:)	class func videoComposition(with asset: AVAsset, applyingCIFiltersWithHandler applier: @escaping (AVAsynchronousCIImageFilteringRequest) -> Void, completionHandler: @escaping (AVMutableVideoComposition?, (any Error)?) -> Void)
c:objc(cs)AVMutableVideoComposition(cm)videoCompositionWithPropertiesOfAsset:completionHandler:	e73267708444cdafaf4a87cb2956b12de9c3b844089192a5e7fb1ed1bb642f02	reference/symbol-graphs/AVFoundation.symbols.json	0	1	1	swift.type.method	videoComposition(withPropertiesOf:)	AVMutableVideoComposition.videoComposition(withPropertiesOf:)	class func videoComposition(withPropertiesOf asset: AVAsset) async throws -> AVMutableVideoComposition
c:objc(cs)AVMutableVideoComposition(cm)videoCompositionWithPropertiesOfAsset:completionHandler:	a0cce1d99cad413bed98850470f0ca75555fdfc243bf1c272e5a43c2f7ad3932	reference/symbol-graphs/AVFoundation.symbols.json	0	1	0	swift.type.method	videoComposition(withPropertiesOf:completionHandler:)	AVMutableVideoComposition.videoComposition(withPropertiesOf:completionHandler:)	class func videoComposition(withPropertiesOf asset: AVAsset, completionHandler: @escaping (AVMutableVideoComposition?, (any Error)?) -> Void)
c:objc(cs)AVMutableVideoComposition(cm)videoCompositionWithPropertiesOfAsset:prototypeInstruction:completionHandler:	389edafb04c52f2e2533ca006bdece65e90508206d9959201848b739a60425cf	reference/symbol-graphs/AVFoundation.symbols.json	0	1	1	swift.type.method	videoComposition(withPropertiesOf:prototypeInstruction:)	AVMutableVideoComposition.videoComposition(withPropertiesOf:prototypeInstruction:)	class func videoComposition(withPropertiesOf asset: AVAsset, prototypeInstruction: AVVideoCompositionInstruction) async throws -> AVMutableVideoComposition
c:objc(cs)AVMutableVideoComposition(cm)videoCompositionWithPropertiesOfAsset:prototypeInstruction:completionHandler:	bb4813775add37580feeaced176eccabf9dbbed432afed75542046547dde6043	reference/symbol-graphs/AVFoundation.symbols.json	0	1	0	swift.type.method	videoComposition(withPropertiesOf:prototypeInstruction:completionHandler:)	AVMutableVideoComposition.videoComposition(withPropertiesOf:prototypeInstruction:completionHandler:)	class func videoComposition(withPropertiesOf asset: AVAsset, prototypeInstruction: AVVideoCompositionInstruction, completionHandler: @escaping (AVMutableVideoComposition?, (any Error)?) -> Void)
c:objc(cs)AVPlayer(im)prerollAtRate:completionHandler:	ec43f9f574a9f1cfb9dbc07234249b0d0015fa952effce5aeba98db309386fa0	reference/symbol-graphs/AVFoundation.symbols.json	0	1	1	swift.method	preroll(atRate:)	AVPlayer.preroll(atRate:)	nonisolated func preroll(atRate rate: Float) async -> Bool
c:objc(cs)AVPlayer(im)prerollAtRate:completionHandler:	2927fc0a536cbfa4dcd98f23b2eb673ec7b41c8ade9ed6ba135a1e4f709fe636	reference/symbol-graphs/AVFoundation.symbols.json	0	1	0	swift.method	preroll(atRate:completionHandler:)	AVPlayer.preroll(atRate:completionHandler:)	nonisolated func preroll(atRate rate: Float, completionHandler: ((Bool) -> Void)? = nil)
c:objc(cs)AVPlayer(im)seekToDate:completionHandler:	34edf924fe7e5d47c26eebf2180abf2f84fef523a29477cce281c26aade1d27e	reference/symbol-graphs/AVFoundation.symbols.json	0	1	1	swift.method	seek(to:)	AVPlayer.seek(to:)	nonisolated func seek(to date: Date) async -> Bool
c:objc(cs)AVPlayer(im)seekToDate:completionHandler:	c6431b33bffb4b540710c9715fbfae96dc4a860d9b66598f66fbc7a8d354fc38	reference/symbol-graphs/AVFoundation.symbols.json	0	1	0	swift.method	seek(to:completionHandler:)	AVPlayer.seek(to:completionHandler:)	nonisolated func seek(to date: Date, completionHandler: @escaping (Bool) -> Void)
c:objc(cs)AVPlayer(im)seekToTime:completionHandler:	4c8ddb7c879afd570da4c3b355bf559c11ad59b8de5f9c2eeb656f39f0d8e6fc	reference/symbol-graphs/AVFoundation.symbols.json	0	1	1	swift.method	seek(to:)	AVPlayer.seek(to:)	nonisolated func seek(to time: CMTime) async -> Bool
c:objc(cs)AVPlayer(im)seekToTime:completionHandler:	cbc021ed20ed5344e90c8172d7c23efe537aaf7e431ca9bb66eb5acdf2afd918	reference/symbol-graphs/AVFoundation.symbols.json	0	1	0	swift.method	seek(to:completionHandler:)	AVPlayer.seek(to:completionHandler:)	nonisolated func seek(to time: CMTime, completionHandler: @escaping (Bool) -> Void)
c:objc(cs)AVPlayer(im)seekToTime:toleranceBefore:toleranceAfter:completionHandler:	5564ddbc03133fb5766b9c76b1b163adaff94b2709c5967a843a6cb01153f404	reference/symbol-graphs/AVFoundation.symbols.json	0	1	1	swift.method	seek(to:toleranceBefore:toleranceAfter:)	AVPlayer.seek(to:toleranceBefore:toleranceAfter:)	nonisolated func seek(to time: CMTime, toleranceBefore: CMTime, toleranceAfter: CMTime) async -> Bool
c:objc(cs)AVPlayer(im)seekToTime:toleranceBefore:toleranceAfter:completionHandler:	567d3291961fabb8c13774eed3dc9e5c6666e05b7cfac2e9de5bd14ab09b77d4	reference/symbol-graphs/AVFoundation.symbols.json	0	1	0	swift.method	seek(to:toleranceBefore:toleranceAfter:completionHandler:)	AVPlayer.seek(to:toleranceBefore:toleranceAfter:completionHandler:)	nonisolated func seek(to time: CMTime, toleranceBefore: CMTime, toleranceAfter: CMTime, completionHandler: @escaping (Bool) -> Void)
c:objc(cs)AVPlayerItem(im)seekToTime:completionHandler:	dd658bf497c0b347918f42a3b1e70039517e3376218be549d614025aee4a7ddd	reference/symbol-graphs/AVFoundation.symbols.json	0	1	1	swift.method	seek(to:)	AVPlayerItem.seek(to:)	nonisolated func seek(to time: CMTime) async -> Bool
c:objc(cs)AVPlayerItem(im)seekToTime:completionHandler:	803bf31560dae8c6bedff83cf9a04f27ed122c9420c5f9fec901035e2bfce6cd	reference/symbol-graphs/AVFoundation.symbols.json	0	1	0	swift.method	seek(to:completionHandler:)	AVPlayerItem.seek(to:completionHandler:)	nonisolated func seek(to time: CMTime, completionHandler: ((Bool) -> Void)? = nil)
c:objc(cs)AVPlayerItem(im)seekToTime:toleranceBefore:toleranceAfter:completionHandler:	c01c69190250e52d5c86fe98c879a8b7ac13f797fb83d649949eb48a7905721f	reference/symbol-graphs/AVFoundation.symbols.json	0	1	1	swift.method	seek(to:toleranceBefore:toleranceAfter:)	AVPlayerItem.seek(to:toleranceBefore:toleranceAfter:)	nonisolated func seek(to time: CMTime, toleranceBefore: CMTime, toleranceAfter: CMTime) async -> Bool
c:objc(cs)AVPlayerItem(im)seekToTime:toleranceBefore:toleranceAfter:completionHandler:	9b8e30d2a02370bfd1113b82cf8bbdff3738e48a14df130fbbb9c29866f1ebcd	reference/symbol-graphs/AVFoundation.symbols.json	0	1	0	swift.method	seek(to:toleranceBefore:toleranceAfter:completionHandler:)	AVPlayerItem.seek(to:toleranceBefore:toleranceAfter:completionHandler:)	nonisolated func seek(to time: CMTime, toleranceBefore: CMTime, toleranceAfter: CMTime, completionHandler: ((Bool) -> Void)? = nil)
c:objc(cs)AVPlayerItemIntegratedTimeline(im)seekToDate:completionHandler:	371d618d1ccb9e00ae28f1a33b836795c22c4a10dd481e0c20958cf9d3abe8a1	reference/symbol-graphs/AVFoundation.symbols.json	0	1	1	swift.method	seek(to:)	AVPlayerItemIntegratedTimeline.seek(to:)	func seek(to date: Date) async -> Bool
c:objc(cs)AVPlayerItemIntegratedTimeline(im)seekToDate:completionHandler:	438020c95941e96c1b888b35b1a770ade91bf4a6812ebaa8bb910581005be5cc	reference/symbol-graphs/AVFoundation.symbols.json	0	1	0	swift.method	seek(to:completionHandler:)	AVPlayerItemIntegratedTimeline.seek(to:completionHandler:)	func seek(to date: Date, completionHandler: ((Bool) -> Void)? = nil)
c:objc(cs)AVPlayerItemIntegratedTimeline(im)seekToTime:toleranceBefore:toleranceAfter:completionHandler:	0735958395e796b9f8d267947639b1d09eb5175bfa0444bdc74a41dbb6e4bd47	reference/symbol-graphs/AVFoundation.symbols.json	0	1	1	swift.method	seek(to:toleranceBefore:toleranceAfter:)	AVPlayerItemIntegratedTimeline.seek(to:toleranceBefore:toleranceAfter:)	func seek(to time: CMTime, toleranceBefore: CMTime, toleranceAfter: CMTime) async -> Bool
c:objc(cs)AVPlayerItemIntegratedTimeline(im)seekToTime:toleranceBefore:toleranceAfter:completionHandler:	076fbe683925fc0e4fdc2b7ebfbfc0c16479bd1b2a3fa38264832ecaac20b7f8	reference/symbol-graphs/AVFoundation.symbols.json	0	1	0	swift.method	seek(to:toleranceBefore:toleranceAfter:completionHandler:)	AVPlayerItemIntegratedTimeline.seek(to:toleranceBefore:toleranceAfter:completionHandler:)	func seek(to time: CMTime, toleranceBefore: CMTime, toleranceAfter: CMTime, completionHandler: ((Bool) -> Void)? = nil)
c:objc(cs)AVSampleBufferAudioRenderer(im)flushFromSourceTime:completionHandler:	3df0a705d0a06f779f9684a2afb895f62305d2eeee20a934b39f168a3e8f7977	reference/symbol-graphs/AVFoundation.symbols.json	0	1	1	swift.method	flush(fromSourceTime:)	AVSampleBufferAudioRenderer.flush(fromSourceTime:)	func flush(fromSourceTime time: CMTime) async -> Bool
c:objc(cs)AVSampleBufferAudioRenderer(im)flushFromSourceTime:completionHandler:	95d2af2cedccdf6bd69c640c28eec8c99075683e3fd012a08b7b4515b6be5d4e	reference/symbol-graphs/AVFoundation.symbols.json	0	1	0	swift.method	flush(fromSourceTime:completionHandler:)	AVSampleBufferAudioRenderer.flush(fromSourceTime:completionHandler:)	func flush(fromSourceTime time: CMTime, completionHandler: @escaping (Bool) -> Void)
c:objc(cs)AVSampleBufferGenerator(cm)notifyOfDataReadyForSampleBuffer:completionHandler:	75f64999dc5c3dd0473543878a5d3e9749e5a3e622c2e6fb69a072422cd831b3	reference/symbol-graphs/AVFoundation.symbols.json	0	1	1	swift.type.method	notifyOfDataReady(for:)	AVSampleBufferGenerator.notifyOfDataReady(for:)	class func notifyOfDataReady(for sbuf: CMSampleBuffer) async throws
c:objc(cs)AVSampleBufferGenerator(cm)notifyOfDataReadyForSampleBuffer:completionHandler:	6b4fc2aa02abbfeed1a71de108638791d266133dcd720d289fe2bb4b37ea9575	reference/symbol-graphs/AVFoundation.symbols.json	0	1	0	swift.type.method	notifyOfDataReady(for:completionHandler:)	AVSampleBufferGenerator.notifyOfDataReady(for:completionHandler:)	class func notifyOfDataReady(for sbuf: CMSampleBuffer, completionHandler: @escaping (Bool, (any Error)?) -> Void)
c:objc(cs)AVSampleBufferGeneratorBatch(im)makeDataReadyWithCompletionHandler:	1b8323f6cdf68f9d3214c7c98f2e24ffac4fa5d90cc37f846e6726bdcbc722fd	reference/symbol-graphs/AVFoundation.symbols.json	0	1	1	swift.method	makeDataReady(completionHandler:)	AVSampleBufferGeneratorBatch.makeDataReady(completionHandler:)	func makeDataReady(completionHandler: @escaping ((any Error)?) -> Void)
c:objc(cs)AVSampleBufferGeneratorBatch(im)makeDataReadyWithCompletionHandler:	f1744600f06afc8a425cd002fbd489b3397930a33bae218e236d352e02029816	reference/symbol-graphs/AVFoundation.symbols.json	0	1	0	swift.method	makeDataReady()	AVSampleBufferGeneratorBatch.makeDataReady()	func makeDataReady() async throws
c:objc(cs)AVSampleBufferRenderSynchronizer(im)removeRenderer:atTime:completionHandler:	65ef982448ecdd91015ad743500eb3c967ca92b71cf4df72246c7bb738a8b80d	reference/symbol-graphs/AVFoundation.symbols.json	0	1	1	swift.method	removeRenderer(_:at:)	AVSampleBufferRenderSynchronizer.removeRenderer(_:at:)	func removeRenderer(_ renderer: any AVQueuedSampleBufferRendering, at time: CMTime) async -> Bool
c:objc(cs)AVSampleBufferRenderSynchronizer(im)removeRenderer:atTime:completionHandler:	de0d836eadcd383b99dde3a2dfe66fa7815959f949d74c390e3e4712489b881c	reference/symbol-graphs/AVFoundation.symbols.json	0	1	0	swift.method	removeRenderer(_:at:completionHandler:)	AVSampleBufferRenderSynchronizer.removeRenderer(_:at:completionHandler:)	func removeRenderer(_ renderer: any AVQueuedSampleBufferRendering, at time: CMTime, completionHandler: ((Bool) -> Void)? = nil)
c:objc(cs)AVSampleBufferVideoRenderer(im)flushWithRemovalOfDisplayedImage:completionHandler:	5b15c8eb6c18bb1850af91cba6515a7c9f30e99474bc0061b8ba57de2abb477f	reference/symbol-graphs/AVFoundation.symbols.json	0	1	1	swift.method	flush(removingDisplayedImage:)	AVSampleBufferVideoRenderer.flush(removingDisplayedImage:)	func flush(removingDisplayedImage removeDisplayedImage: Bool) async
c:objc(cs)AVSampleBufferVideoRenderer(im)flushWithRemovalOfDisplayedImage:completionHandler:	ae6e5c1de3badd94b6a12b64e8e5d41e99c279bed368a27a8b5312f0fba97592	reference/symbol-graphs/AVFoundation.symbols.json	0	1	0	swift.method	flush(removingDisplayedImage:completionHandler:)	AVSampleBufferVideoRenderer.flush(removingDisplayedImage:completionHandler:)	func flush(removingDisplayedImage removeDisplayedImage: Bool, completionHandler handler: (() -> Void)? = nil)
c:objc(cs)AVSampleBufferVideoRenderer(im)loadVideoPerformanceMetricsWithCompletionHandler:	18b2b1a11b5e29329327cf59cd475c43607aa8093f670a5196d49383c8ac2342	reference/symbol-graphs/AVFoundation.symbols.json	0	1	1	swift.method	loadVideoPerformanceMetrics(completionHandler:)	AVSampleBufferVideoRenderer.loadVideoPerformanceMetrics(completionHandler:)	func loadVideoPerformanceMetrics(completionHandler: @escaping (AVVideoPerformanceMetrics?) -> Void)
c:objc(cs)AVSampleBufferVideoRenderer(im)loadVideoPerformanceMetricsWithCompletionHandler:	21b11d55aa61cb5d6e184f7453dad9a5e8db3bf7372f5ffb610d7801785d6ae0	reference/symbol-graphs/AVFoundation.symbols.json	0	1	0	swift.property	videoPerformanceMetrics	AVSampleBufferVideoRenderer.videoPerformanceMetrics	var videoPerformanceMetrics: AVVideoPerformanceMetrics? { get async }
c:objc(cs)AVURLAsset(im)findCompatibleTrackForCompositionTrack:completionHandler:	b54ff5df2d61dbf2aa91da92b83b13e444ca6954a4aca15a5c4b99e226b30834	reference/symbol-graphs/AVFoundation.symbols.json	0	1	1	swift.method	findCompatibleTrack(for:)	AVURLAsset.findCompatibleTrack(for:)	func findCompatibleTrack(for compositionTrack: AVCompositionTrack) async throws -> AVAssetTrack?
c:objc(cs)AVURLAsset(im)findCompatibleTrackForCompositionTrack:completionHandler:	94740ef97e90f3f424a67a36d17bfefc23478786ecf2fee683cff64f5dd755e8	reference/symbol-graphs/AVFoundation.symbols.json	0	1	0	swift.method	findCompatibleTrack(for:completionHandler:)	AVURLAsset.findCompatibleTrack(for:completionHandler:)	func findCompatibleTrack(for compositionTrack: AVCompositionTrack, completionHandler: @escaping (AVAssetTrack?, (any Error)?) -> Void)
c:objc(cs)AVVideoComposition(cm)videoCompositionWithAsset:applyingCIFiltersWithHandler:completionHandler:	92d4623778295b9e946492104305daaa27f241065572acf24c44f81dbebb7d22	reference/symbol-graphs/AVFoundation.symbols.json	0	1	1	swift.type.method	videoComposition(with:applyingCIFiltersWithHandler:)	AVVideoComposition.videoComposition(with:applyingCIFiltersWithHandler:)	class func videoComposition(with asset: AVAsset, applyingCIFiltersWithHandler applier: @escaping (AVAsynchronousCIImageFilteringRequest) -> Void) async throws -> AVVideoComposition
c:objc(cs)AVVideoComposition(cm)videoCompositionWithAsset:applyingCIFiltersWithHandler:completionHandler:	8bf1f40f7cda6b400c7f01090eddbea7a186a8a2a0fa9c87081bd47cb1d84fdb	reference/symbol-graphs/AVFoundation.symbols.json	0	1	0	swift.type.method	videoComposition(with:applyingCIFiltersWithHandler:completionHandler:)	AVVideoComposition.videoComposition(with:applyingCIFiltersWithHandler:completionHandler:)	class func videoComposition(with asset: AVAsset, applyingCIFiltersWithHandler applier: @escaping (AVAsynchronousCIImageFilteringRequest) -> Void, completionHandler: @escaping (AVVideoComposition?, (any Error)?) -> Void)
c:objc(cs)AVVideoComposition(cm)videoCompositionWithPropertiesOfAsset:completionHandler:	294b1f48a8c2fa14101e7e8f9a8c3b769a894caf02669239c3f1e3309570dbf8	reference/symbol-graphs/AVFoundation.symbols.json	0	1	1	swift.type.method	videoComposition(withPropertiesOf:)	AVVideoComposition.videoComposition(withPropertiesOf:)	class func videoComposition(withPropertiesOf asset: AVAsset) async throws -> AVVideoComposition
c:objc(cs)AVVideoComposition(cm)videoCompositionWithPropertiesOfAsset:completionHandler:	2a342fad9a6b020c6c8c201b8a786d3271f9ff7e6357ca9552ec4f9cc006a24e	reference/symbol-graphs/AVFoundation.symbols.json	0	1	0	swift.type.method	videoComposition(withPropertiesOf:completionHandler:)	AVVideoComposition.videoComposition(withPropertiesOf:completionHandler:)	class func videoComposition(withPropertiesOf asset: AVAsset, completionHandler: @escaping (AVVideoComposition?, (any Error)?) -> Void)
c:objc(cs)AVVideoComposition(im)determineValidityForAsset:timeRange:validationDelegate:completionHandler:	b9c06ce31c9dc9d9656bbdd3a7e41d19a1d56280c9dff880e0ad031a481ec4d6	reference/symbol-graphs/AVFoundation.symbols.json	0	1	1	swift.method	determineValidity(for:timeRange:validationDelegate:completionHandler:)	AVVideoComposition.determineValidity(for:timeRange:validationDelegate:completionHandler:)	func determineValidity(for asset: AVAsset?, timeRange: CMTimeRange, validationDelegate: (any AVVideoCompositionValidationHandling)?, completionHandler: @escaping (Bool, (any Error)?) -> Void)
c:objc(cs)AVVideoComposition(im)determineValidityForAsset:timeRange:validationDelegate:completionHandler:	8a34114c0411b45307d134dbcf8f4a18e58189164590bfdd81628bd3d85caa61	reference/symbol-graphs/AVFoundation.symbols.json	0	1	0	swift.method	isValid(for:timeRange:validationDelegate:)	AVVideoComposition.isValid(for:timeRange:validationDelegate:)	func isValid(for asset: AVAsset?, timeRange: CMTimeRange, validationDelegate: (any AVVideoCompositionValidationHandling)?) async throws -> Bool
c:objc(cs)NSValue(cm)valueWithCMTime:	a536198d24ad2089adeac9627b5a946820117ee3dfba806254613e9eb082c764	reference/symbol-graphs/AVFoundation@Foundation.symbols.json	1	1	1	swift.init	init(CMTime:)	NSValue.init(CMTime:)	init(CMTime time: CMTime)
c:objc(cs)NSValue(cm)valueWithCMTime:	6cd3813321e3494b5d4b6c47911592ee656e403cf7cd17d3d1587ed6e1a079b6	reference/symbol-graphs/AVFoundation@Foundation.symbols.json	1	1	0	swift.init	init(time:)	NSValue.init(time:)	init(time: CMTime)
c:objc(cs)NSValue(cm)valueWithCMTimeMapping:	19e03651d0fea1edfba85427141413002c6aa181c6a86f51bb55a2f9fed74c2e	reference/symbol-graphs/AVFoundation@Foundation.symbols.json	1	1	1	swift.init	init(CMTimeMapping:)	NSValue.init(CMTimeMapping:)	init(CMTimeMapping timeMapping: CMTimeMapping)
c:objc(cs)NSValue(cm)valueWithCMTimeMapping:	4f652d99df6d11773641aaeee63daa5cfc26e3712849f0c0834c9162e3918520	reference/symbol-graphs/AVFoundation@Foundation.symbols.json	1	1	0	swift.init	init(timeMapping:)	NSValue.init(timeMapping:)	init(timeMapping: CMTimeMapping)
c:objc(cs)NSValue(cm)valueWithCMTimeRange:	e9fa4a1bc16348bcb006f93bda6277eff844ff149369aaf20ff27665d6fa1112	reference/symbol-graphs/AVFoundation@Foundation.symbols.json	1	1	1	swift.init	init(CMTimeRange:)	NSValue.init(CMTimeRange:)	init(CMTimeRange timeRange: CMTimeRange)
c:objc(cs)NSValue(cm)valueWithCMTimeRange:	0f8ea246b613536189259fcf16e924a46b170b7f4156da1d9577732880c9dccb	reference/symbol-graphs/AVFoundation@Foundation.symbols.json	1	1	0	swift.init	init(timeRange:)	NSValue.init(timeRange:)	init(timeRange: CMTimeRange)
c:objc(cs)NSValue(cm)valueWithCMVideoDimensions:	81e481e530f72e17898658addccadd08cf37437537b6e0efa6b8bab596e4221b	reference/symbol-graphs/AVFoundation@Foundation.symbols.json	1	1	1	swift.init	init(CMVideoDimensions:)	NSValue.init(CMVideoDimensions:)	init!(CMVideoDimensions dimensions: CMVideoDimensions)
c:objc(cs)NSValue(cm)valueWithCMVideoDimensions:	e0b09b7df6462f3965ddacb1ebcf4f60cfd471a1964c804ce42d63adf8808f82	reference/symbol-graphs/AVFoundation@Foundation.symbols.json	1	1	0	swift.init	init(videoDimensions:)	NSValue.init(videoDimensions:)	init!(videoDimensions dimensions: CMVideoDimensions)
c:objc(pl)AVAsynchronousKeyValueLoading(im)loadValuesAsynchronouslyForKeys:completionHandler:	4180dfa05be96784762c21cfdddea215d52909b9a3efcc080a208c4aaf1b48bb	reference/symbol-graphs/AVFoundation.symbols.json	0	1	1	swift.method	loadValues(forKeys:)	AVAsynchronousKeyValueLoading.loadValues(forKeys:)	func loadValues(forKeys keys: [String]) async
c:objc(pl)AVAsynchronousKeyValueLoading(im)loadValuesAsynchronouslyForKeys:completionHandler:	a444c661126bdefc123c379ec0276606e16565f671f43f7b8ac988465d65e762	reference/symbol-graphs/AVFoundation.symbols.json	0	1	0	swift.method	loadValuesAsynchronously(forKeys:completionHandler:)	AVAsynchronousKeyValueLoading.loadValuesAsynchronously(forKeys:completionHandler:)	func loadValuesAsynchronously(forKeys keys: [String], completionHandler handler: (() -> Void)? = nil)
c:objc(pl)AVPlaybackCoordinatorPlaybackControlDelegate(im)playbackCoordinator:didIssueBufferingCommand:completionHandler:	4b1b3461031e176b3e6abf7ac54e4029985b52921ac15bbd52b5dfe2ef60bef1	reference/symbol-graphs/AVFoundation.symbols.json	0	1	1	swift.method	playbackCoordinator(_:didIssue:)	AVPlaybackCoordinatorPlaybackControlDelegate.playbackCoordinator(_:didIssue:)	func playbackCoordinator(_ coordinator: AVDelegatingPlaybackCoordinator, didIssue bufferingCommand: AVDelegatingPlaybackCoordinatorBufferingCommand) async
c:objc(pl)AVPlaybackCoordinatorPlaybackControlDelegate(im)playbackCoordinator:didIssueBufferingCommand:completionHandler:	ca6104afdaa91829fc7a64ae61300a8fd7b55ef75a155f919f20ebb893f278b2	reference/symbol-graphs/AVFoundation.symbols.json	0	1	0	swift.method	playbackCoordinator(_:didIssue:completionHandler:)	AVPlaybackCoordinatorPlaybackControlDelegate.playbackCoordinator(_:didIssue:completionHandler:)	func playbackCoordinator(_ coordinator: AVDelegatingPlaybackCoordinator, didIssue bufferingCommand: AVDelegatingPlaybackCoordinatorBufferingCommand, completionHandler: @escaping () -> Void)
c:objc(pl)AVPlaybackCoordinatorPlaybackControlDelegate(im)playbackCoordinator:didIssuePauseCommand:completionHandler:	d149040d6b27646338331d502d13fba27e5e4d6c1b839e685ac49c887e842470	reference/symbol-graphs/AVFoundation.symbols.json	0	1	1	swift.method	playbackCoordinator(_:didIssue:)	AVPlaybackCoordinatorPlaybackControlDelegate.playbackCoordinator(_:didIssue:)	func playbackCoordinator(_ coordinator: AVDelegatingPlaybackCoordinator, didIssue pauseCommand: AVDelegatingPlaybackCoordinatorPauseCommand) async
c:objc(pl)AVPlaybackCoordinatorPlaybackControlDelegate(im)playbackCoordinator:didIssuePauseCommand:completionHandler:	22151b7acff1ba220923c39409dec0e7fd0304f300b6029e67364c74b29c4469	reference/symbol-graphs/AVFoundation.symbols.json	0	1	0	swift.method	playbackCoordinator(_:didIssue:completionHandler:)	AVPlaybackCoordinatorPlaybackControlDelegate.playbackCoordinator(_:didIssue:completionHandler:)	func playbackCoordinator(_ coordinator: AVDelegatingPlaybackCoordinator, didIssue pauseCommand: AVDelegatingPlaybackCoordinatorPauseCommand, completionHandler: @escaping () -> Void)
c:objc(pl)AVPlaybackCoordinatorPlaybackControlDelegate(im)playbackCoordinator:didIssuePlayCommand:completionHandler:	77c159f92ef8fe98ca7010786e608b5c74d0a0983a3c66ba51ba3cc90608dec2	reference/symbol-graphs/AVFoundation.symbols.json	0	1	1	swift.method	playbackCoordinator(_:didIssue:)	AVPlaybackCoordinatorPlaybackControlDelegate.playbackCoordinator(_:didIssue:)	func playbackCoordinator(_ coordinator: AVDelegatingPlaybackCoordinator, didIssue playCommand: AVDelegatingPlaybackCoordinatorPlayCommand) async
c:objc(pl)AVPlaybackCoordinatorPlaybackControlDelegate(im)playbackCoordinator:didIssuePlayCommand:completionHandler:	9c7073e82f60b97b7d1847465f66afddf69025c8f34f22af2b27fdfa79de5376	reference/symbol-graphs/AVFoundation.symbols.json	0	1	0	swift.method	playbackCoordinator(_:didIssue:completionHandler:)	AVPlaybackCoordinatorPlaybackControlDelegate.playbackCoordinator(_:didIssue:completionHandler:)	func playbackCoordinator(_ coordinator: AVDelegatingPlaybackCoordinator, didIssue playCommand: AVDelegatingPlaybackCoordinatorPlayCommand, completionHandler: @escaping () -> Void)
c:objc(pl)AVPlaybackCoordinatorPlaybackControlDelegate(im)playbackCoordinator:didIssueSeekCommand:completionHandler:	263df1f62e4003ff6f86721eadba0012e82df2b10c64b5a6fb91aba52eae54b6	reference/symbol-graphs/AVFoundation.symbols.json	0	1	1	swift.method	playbackCoordinator(_:didIssue:)	AVPlaybackCoordinatorPlaybackControlDelegate.playbackCoordinator(_:didIssue:)	func playbackCoordinator(_ coordinator: AVDelegatingPlaybackCoordinator, didIssue seekCommand: AVDelegatingPlaybackCoordinatorSeekCommand) async
c:objc(pl)AVPlaybackCoordinatorPlaybackControlDelegate(im)playbackCoordinator:didIssueSeekCommand:completionHandler:	7a676af72256d3ee382a3a0261038800fb443b3f8267d7c615cca1a1186220f1	reference/symbol-graphs/AVFoundation.symbols.json	0	1	0	swift.method	playbackCoordinator(_:didIssue:completionHandler:)	AVPlaybackCoordinatorPlaybackControlDelegate.playbackCoordinator(_:didIssue:completionHandler:)	func playbackCoordinator(_ coordinator: AVDelegatingPlaybackCoordinator, didIssue seekCommand: AVDelegatingPlaybackCoordinatorSeekCommand, completionHandler: @escaping () -> Void)
s:SQsE2neoiySbx_xtFZ::SYNTHESIZED::c:@E@AVError	a21f7448fcbeeb24379d8d5f5e2254232dc707af7d2bad6ccfef20aab4e9dc42	reference/symbol-graphs/AVFoundation.symbols.json	0	1	1	swift.func.op	!=(_:_:)	AVError.!=(_:_:)	static func != (lhs: Self, rhs: Self) -> Bool
s:SQsE2neoiySbx_xtFZ::SYNTHESIZED::c:@E@AVError	f86c2b11624df7a4f3f676773ec48b2e0002813a7109abd4bd3a0b91e06824ce	reference/symbol-graphs/AVFoundation.symbols.json	0	1	0	swift.func.op	!=(_:_:)	AVError.Code.!=(_:_:)	static func != (lhs: Self, rhs: Self) -> Bool
