symbol	sourceSDKRelativePath
$ld$previous$/System/Library/Frameworks/SwiftUI.framework/SwiftUI$$2$13.0$17.0$_$s7SwiftUI13PreviewLayoutO12sizeThatFitsyA2CmFWC$	System/Library/Frameworks/DeveloperToolsSupport.framework/DeveloperToolsSupport.tbd
$ld$previous$/System/Library/Frameworks/SwiftUI.framework/SwiftUI$$2$13.0$17.0$_$s7SwiftUI13PreviewLayoutO5fixedyAC12CoreGraphics7CGFloatV_AGtcACmFWC$	System/Library/Frameworks/DeveloperToolsSupport.framework/DeveloperToolsSupport.tbd
$ld$previous$/System/Library/Frameworks/SwiftUI.framework/SwiftUI$$2$13.0$17.0$_$s7SwiftUI13PreviewLayoutO6deviceyA2CmFWC$	System/Library/Frameworks/DeveloperToolsSupport.framework/DeveloperToolsSupport.tbd
$ld$previous$/System/Library/Frameworks/SwiftUI.framework/SwiftUI$$2$13.0$17.0$_$s7SwiftUI13PreviewLayoutO7fixed3DyAC12CoreGraphics7CGFloatV_A2GtcACmFWC$	System/Library/Frameworks/DeveloperToolsSupport.framework/DeveloperToolsSupport.tbd
$ld$previous$/System/Library/Frameworks/SwiftUI.framework/SwiftUI$$2$13.0$17.0$_$s7SwiftUI13PreviewLayoutOMa$	System/Library/Frameworks/DeveloperToolsSupport.framework/DeveloperToolsSupport.tbd
$ld$previous$/System/Library/Frameworks/SwiftUI.framework/SwiftUI$$2$13.0$17.0$_$s7SwiftUI13PreviewLayoutOMn$	System/Library/Frameworks/DeveloperToolsSupport.framework/DeveloperToolsSupport.tbd
$ld$previous$/System/Library/Frameworks/SwiftUI.framework/SwiftUI$$2$13.0$17.0$_$s7SwiftUI13PreviewLayoutON$	System/Library/Frameworks/DeveloperToolsSupport.framework/DeveloperToolsSupport.tbd
/System/Library/Frameworks/DeveloperToolsSupport.framework/DeveloperToolsSupport (for architecture arm64):	System/Library/Frameworks/DeveloperToolsSupport.framework/DeveloperToolsSupport.tbd
_$s12ModifierBase21DeveloperToolsSupport22LibraryContentProviderPTl	System/Library/Frameworks/DeveloperToolsSupport.framework/DeveloperToolsSupport.tbd
_$s21DeveloperToolsSupport11LibraryItemV8CategoryV5otherAEvgZ	System/Library/Frameworks/DeveloperToolsSupport.framework/DeveloperToolsSupport.tbd
_$s21DeveloperToolsSupport11LibraryItemV8CategoryV5otherAEvpZMV	System/Library/Frameworks/DeveloperToolsSupport.framework/DeveloperToolsSupport.tbd
_$s21DeveloperToolsSupport11LibraryItemV8CategoryV6effectAEvgZ	System/Library/Frameworks/DeveloperToolsSupport.framework/DeveloperToolsSupport.tbd
_$s21DeveloperToolsSupport11LibraryItemV8CategoryV6effectAEvpZMV	System/Library/Frameworks/DeveloperToolsSupport.framework/DeveloperToolsSupport.tbd
_$s21DeveloperToolsSupport11LibraryItemV8CategoryV6layoutAEvgZ	System/Library/Frameworks/DeveloperToolsSupport.framework/DeveloperToolsSupport.tbd
_$s21DeveloperToolsSupport11LibraryItemV8CategoryV6layoutAEvpZMV	System/Library/Frameworks/DeveloperToolsSupport.framework/DeveloperToolsSupport.tbd
_$s21DeveloperToolsSupport11LibraryItemV8CategoryV7controlAEvgZ	System/Library/Frameworks/DeveloperToolsSupport.framework/DeveloperToolsSupport.tbd
_$s21DeveloperToolsSupport11LibraryItemV8CategoryV7controlAEvpZMV	System/Library/Frameworks/DeveloperToolsSupport.framework/DeveloperToolsSupport.tbd
_$s21DeveloperToolsSupport11LibraryItemV8CategoryVMa	System/Library/Frameworks/DeveloperToolsSupport.framework/DeveloperToolsSupport.tbd
_$s21DeveloperToolsSupport11LibraryItemV8CategoryVMn	System/Library/Frameworks/DeveloperToolsSupport.framework/DeveloperToolsSupport.tbd
_$s21DeveloperToolsSupport11LibraryItemV8CategoryVN	System/Library/Frameworks/DeveloperToolsSupport.framework/DeveloperToolsSupport.tbd
_$s21DeveloperToolsSupport11LibraryItemVMa	System/Library/Frameworks/DeveloperToolsSupport.framework/DeveloperToolsSupport.tbd
_$s21DeveloperToolsSupport11LibraryItemVMn	System/Library/Frameworks/DeveloperToolsSupport.framework/DeveloperToolsSupport.tbd
_$s21DeveloperToolsSupport11LibraryItemVN	System/Library/Frameworks/DeveloperToolsSupport.framework/DeveloperToolsSupport.tbd
_$s21DeveloperToolsSupport11LibraryItemV_7visible5title8category17matchingSignatureACxyXK_SbSSSgAC8CategoryVAHtclufC	System/Library/Frameworks/DeveloperToolsSupport.framework/DeveloperToolsSupport.tbd
_$s21DeveloperToolsSupport11_PlaygroundV11displayNameSSSgvM	System/Library/Frameworks/DeveloperToolsSupport.framework/DeveloperToolsSupport.tbd
_$s21DeveloperToolsSupport11_PlaygroundV11displayNameSSSgvg	System/Library/Frameworks/DeveloperToolsSupport.framework/DeveloperToolsSupport.tbd
_$s21DeveloperToolsSupport11_PlaygroundV11displayNameSSSgvpMV	System/Library/Frameworks/DeveloperToolsSupport.framework/DeveloperToolsSupport.tbd
_$s21DeveloperToolsSupport11_PlaygroundV11displayNameSSSgvs	System/Library/Frameworks/DeveloperToolsSupport.framework/DeveloperToolsSupport.tbd
_$s21DeveloperToolsSupport11_PlaygroundV4bodyyyYaYbKScMYccvM	System/Library/Frameworks/DeveloperToolsSupport.framework/DeveloperToolsSupport.tbd
_$s21DeveloperToolsSupport11_PlaygroundV4bodyyyYaYbKScMYccvg	System/Library/Frameworks/DeveloperToolsSupport.framework/DeveloperToolsSupport.tbd
_$s21DeveloperToolsSupport11_PlaygroundV4bodyyyYaYbKScMYccvpMV	System/Library/Frameworks/DeveloperToolsSupport.framework/DeveloperToolsSupport.tbd
_$s21DeveloperToolsSupport11_PlaygroundV4bodyyyYaYbKScMYccvs	System/Library/Frameworks/DeveloperToolsSupport.framework/DeveloperToolsSupport.tbd
_$s21DeveloperToolsSupport11_PlaygroundVMa	System/Library/Frameworks/DeveloperToolsSupport.framework/DeveloperToolsSupport.tbd
_$s21DeveloperToolsSupport11_PlaygroundVMn	System/Library/Frameworks/DeveloperToolsSupport.framework/DeveloperToolsSupport.tbd
_$s21DeveloperToolsSupport11_PlaygroundVN	System/Library/Frameworks/DeveloperToolsSupport.framework/DeveloperToolsSupport.tbd
_$s21DeveloperToolsSupport11_PlaygroundV_4bodyACSSSg_yyYaYbKScMYcctcfC	System/Library/Frameworks/DeveloperToolsSupport.framework/DeveloperToolsSupport.tbd
_$s21DeveloperToolsSupport12PreviewTraitVA2A0D0V10ViewTraitsORszlE11fixedLayout5width6height5depthACyAGG12CoreGraphics7CGFloatV_A2OtFZ	System/Library/Frameworks/DeveloperToolsSupport.framework/DeveloperToolsSupport.tbd
_$s21DeveloperToolsSupport12PreviewTraitVA2A0D0V10ViewTraitsORszlE11fixedLayout5width6heightACyAGG12CoreGraphics7CGFloatV_ANtFZ	System/Library/Frameworks/DeveloperToolsSupport.framework/DeveloperToolsSupport.tbd
_$s21DeveloperToolsSupport12PreviewTraitVA2A0D0V10ViewTraitsORszlE13defaultLayoutACyAGGvgZ	System/Library/Frameworks/DeveloperToolsSupport.framework/DeveloperToolsSupport.tbd
_$s21DeveloperToolsSupport12PreviewTraitVA2A0D0V10ViewTraitsORszlE13defaultLayoutACyAGGvpZMV	System/Library/Frameworks/DeveloperToolsSupport.framework/DeveloperToolsSupport.tbd
_$s21DeveloperToolsSupport12PreviewTraitVA2A0D0V10ViewTraitsORszlE13landscapeLeftACyAGGvgZ	System/Library/Frameworks/DeveloperToolsSupport.framework/DeveloperToolsSupport.tbd
_$s21DeveloperToolsSupport12PreviewTraitVA2A0D0V10ViewTraitsORszlE13landscapeLeftACyAGGvpZMV	System/Library/Frameworks/DeveloperToolsSupport.framework/DeveloperToolsSupport.tbd
_$s21DeveloperToolsSupport12PreviewTraitVA2A0D0V10ViewTraitsORszlE14landscapeRightACyAGGvgZ	System/Library/Frameworks/DeveloperToolsSupport.framework/DeveloperToolsSupport.tbd
_$s21DeveloperToolsSupport12PreviewTraitVA2A0D0V10ViewTraitsORszlE14landscapeRightACyAGGvpZMV	System/Library/Frameworks/DeveloperToolsSupport.framework/DeveloperToolsSupport.tbd
_$s21DeveloperToolsSupport12PreviewTraitVA2A0D0V10ViewTraitsORszlE15assistiveAccessACyAGGvgZ	System/Library/Frameworks/DeveloperToolsSupport.framework/DeveloperToolsSupport.tbd
_$s21DeveloperToolsSupport12PreviewTraitVA2A0D0V10ViewTraitsORszlE15assistiveAccessACyAGGvpZMV	System/Library/Frameworks/DeveloperToolsSupport.framework/DeveloperToolsSupport.tbd
_$s21DeveloperToolsSupport12PreviewTraitVA2A0D0V10ViewTraitsORszlE18portraitUpsideDownACyAGGvgZ	System/Library/Frameworks/DeveloperToolsSupport.framework/DeveloperToolsSupport.tbd
_$s21DeveloperToolsSupport12PreviewTraitVA2A0D0V10ViewTraitsORszlE18portraitUpsideDownACyAGGvpZMV	System/Library/Frameworks/DeveloperToolsSupport.framework/DeveloperToolsSupport.tbd
_$s21DeveloperToolsSupport12PreviewTraitVA2A0D0V10ViewTraitsORszlE18sizeThatFitsLayoutACyAGGvgZ	System/Library/Frameworks/DeveloperToolsSupport.framework/DeveloperToolsSupport.tbd
_$s21DeveloperToolsSupport12PreviewTraitVA2A0D0V10ViewTraitsORszlE18sizeThatFitsLayoutACyAGGvpZMV	System/Library/Frameworks/DeveloperToolsSupport.framework/DeveloperToolsSupport.tbd
_$s21DeveloperToolsSupport12PreviewTraitVA2A0D0V10ViewTraitsORszlE6camerayACyAGGAA0D6CameraVFZ	System/Library/Frameworks/DeveloperToolsSupport.framework/DeveloperToolsSupport.tbd
_$s21DeveloperToolsSupport12PreviewTraitVA2A0D0V10ViewTraitsORszlE8portraitACyAGGvgZ	System/Library/Frameworks/DeveloperToolsSupport.framework/DeveloperToolsSupport.tbd
_$s21DeveloperToolsSupport12PreviewTraitVA2A0D0V10ViewTraitsORszlE8portraitACyAGGvpZMV	System/Library/Frameworks/DeveloperToolsSupport.framework/DeveloperToolsSupport.tbd
_$s21DeveloperToolsSupport12PreviewTraitVMa	System/Library/Frameworks/DeveloperToolsSupport.framework/DeveloperToolsSupport.tbd
_$s21DeveloperToolsSupport12PreviewTraitVMn	System/Library/Frameworks/DeveloperToolsSupport.framework/DeveloperToolsSupport.tbd
_$s21DeveloperToolsSupport12PreviewTraitVyACyxGAA0dE8Protocol_pcfC	System/Library/Frameworks/DeveloperToolsSupport.framework/DeveloperToolsSupport.tbd
_$s21DeveloperToolsSupport12PreviewTraitVyACyxGADd_tcfC	System/Library/Frameworks/DeveloperToolsSupport.framework/DeveloperToolsSupport.tbd
_$s21DeveloperToolsSupport12previewImage8category11description4file4line10Foundation3URLVAA07PreviewE8CategoryV_SSSgs12StaticStringVSutF	System/Library/Frameworks/DeveloperToolsSupport.framework/DeveloperToolsSupport.tbd
_$s21DeveloperToolsSupport12previewImage8category11description4file4lineSo10CGImageRefaAA07PreviewE8CategoryV_SSSgs12StaticStringVSutF	System/Library/Frameworks/DeveloperToolsSupport.framework/DeveloperToolsSupport.tbd
_$s21DeveloperToolsSupport13ColorResourceV2eeoiySbAC_ACtFZ	System/Library/Frameworks/DeveloperToolsSupport.framework/DeveloperToolsSupport.tbd
_$s21DeveloperToolsSupport13ColorResourceV4hash4intoys6HasherVz_tF	System/Library/Frameworks/DeveloperToolsSupport.framework/DeveloperToolsSupport.tbd
_$s21DeveloperToolsSupport13ColorResourceV4name6bundleACSS_So8NSBundleCtcfC	System/Library/Frameworks/DeveloperToolsSupport.framework/DeveloperToolsSupport.tbd
_$s21DeveloperToolsSupport13ColorResourceV4nameSSvg	System/Library/Frameworks/DeveloperToolsSupport.framework/DeveloperToolsSupport.tbd
_$s21DeveloperToolsSupport13ColorResourceV4nameSSvpMV	System/Library/Frameworks/DeveloperToolsSupport.framework/DeveloperToolsSupport.tbd
_$s21DeveloperToolsSupport13ColorResourceV9hashValueSivg	System/Library/Frameworks/DeveloperToolsSupport.framework/DeveloperToolsSupport.tbd
_$s21DeveloperToolsSupport13ColorResourceV9hashValueSivpMV	System/Library/Frameworks/DeveloperToolsSupport.framework/DeveloperToolsSupport.tbd
_$s21DeveloperToolsSupport13ColorResourceV9referenceAA0E9ReferenceOvM	System/Library/Frameworks/DeveloperToolsSupport.framework/DeveloperToolsSupport.tbd
_$s21DeveloperToolsSupport13ColorResourceV9referenceAA0E9ReferenceOvg	System/Library/Frameworks/DeveloperToolsSupport.framework/DeveloperToolsSupport.tbd
_$s21DeveloperToolsSupport13ColorResourceV9referenceAA0E9ReferenceOvpMV	System/Library/Frameworks/DeveloperToolsSupport.framework/DeveloperToolsSupport.tbd
_$s21DeveloperToolsSupport13ColorResourceV9referenceAA0E9ReferenceOvs	System/Library/Frameworks/DeveloperToolsSupport.framework/DeveloperToolsSupport.tbd
_$s21DeveloperToolsSupport13ColorResourceVMa	System/Library/Frameworks/DeveloperToolsSupport.framework/DeveloperToolsSupport.tbd
_$s21DeveloperToolsSupport13ColorResourceVMn	System/Library/Frameworks/DeveloperToolsSupport.framework/DeveloperToolsSupport.tbd
_$s21DeveloperToolsSupport13ColorResourceVN	System/Library/Frameworks/DeveloperToolsSupport.framework/DeveloperToolsSupport.tbd
_$s21DeveloperToolsSupport13ColorResourceVSHAAMc	System/Library/Frameworks/DeveloperToolsSupport.framework/DeveloperToolsSupport.tbd
_$s21DeveloperToolsSupport13ColorResourceVSQAAMc	System/Library/Frameworks/DeveloperToolsSupport.framework/DeveloperToolsSupport.tbd
_$s21DeveloperToolsSupport13ImageResourceV2eeoiySbAC_ACtFZ	System/Library/Frameworks/DeveloperToolsSupport.framework/DeveloperToolsSupport.tbd
_$s21DeveloperToolsSupport13ImageResourceV4hash4intoys6HasherVz_tF	System/Library/Frameworks/DeveloperToolsSupport.framework/DeveloperToolsSupport.tbd
_$s21DeveloperToolsSupport13ImageResourceV4name6bundleACSS_So8NSBundleCtcfC	System/Library/Frameworks/DeveloperToolsSupport.framework/DeveloperToolsSupport.tbd
_$s21DeveloperToolsSupport13ImageResourceV4nameSSvg	System/Library/Frameworks/DeveloperToolsSupport.framework/DeveloperToolsSupport.tbd
_$s21DeveloperToolsSupport13ImageResourceV4nameSSvpMV	System/Library/Frameworks/DeveloperToolsSupport.framework/DeveloperToolsSupport.tbd
_$s21DeveloperToolsSupport13ImageResourceV9hashValueSivg	System/Library/Frameworks/DeveloperToolsSupport.framework/DeveloperToolsSupport.tbd
_$s21DeveloperToolsSupport13ImageResourceV9hashValueSivpMV	System/Library/Frameworks/DeveloperToolsSupport.framework/DeveloperToolsSupport.tbd
_$s21DeveloperToolsSupport13ImageResourceV9referenceAA0E9ReferenceOvM	System/Library/Frameworks/DeveloperToolsSupport.framework/DeveloperToolsSupport.tbd
_$s21DeveloperToolsSupport13ImageResourceV9referenceAA0E9ReferenceOvg	System/Library/Frameworks/DeveloperToolsSupport.framework/DeveloperToolsSupport.tbd
_$s21DeveloperToolsSupport13ImageResourceV9referenceAA0E9ReferenceOvpMV	System/Library/Frameworks/DeveloperToolsSupport.framework/DeveloperToolsSupport.tbd
_$s21DeveloperToolsSupport13ImageResourceV9referenceAA0E9ReferenceOvs	System/Library/Frameworks/DeveloperToolsSupport.framework/DeveloperToolsSupport.tbd
_$s21DeveloperToolsSupport13ImageResourceVMa	System/Library/Frameworks/DeveloperToolsSupport.framework/DeveloperToolsSupport.tbd
_$s21DeveloperToolsSupport13ImageResourceVMn	System/Library/Frameworks/DeveloperToolsSupport.framework/DeveloperToolsSupport.tbd
_$s21DeveloperToolsSupport13ImageResourceVN	System/Library/Frameworks/DeveloperToolsSupport.framework/DeveloperToolsSupport.tbd
_$s21DeveloperToolsSupport13ImageResourceVSHAAMc	System/Library/Frameworks/DeveloperToolsSupport.framework/DeveloperToolsSupport.tbd
_$s21DeveloperToolsSupport13ImageResourceVSQAAMc	System/Library/Frameworks/DeveloperToolsSupport.framework/DeveloperToolsSupport.tbd
_$s21DeveloperToolsSupport13NamedResourceV2eeoiySbAC_ACtFZ	System/Library/Frameworks/DeveloperToolsSupport.framework/DeveloperToolsSupport.tbd
_$s21DeveloperToolsSupport13NamedResourceV4hash4intoys6HasherVz_tF	System/Library/Frameworks/DeveloperToolsSupport.framework/DeveloperToolsSupport.tbd
_$s21DeveloperToolsSupport13NamedResourceV4nameSSvg	System/Library/Frameworks/DeveloperToolsSupport.framework/DeveloperToolsSupport.tbd
_$s21DeveloperToolsSupport13NamedResourceV4nameSSvpMV	System/Library/Frameworks/DeveloperToolsSupport.framework/DeveloperToolsSupport.tbd
_$s21DeveloperToolsSupport13NamedResourceV6bundleSo8NSBundleCvg	System/Library/Frameworks/DeveloperToolsSupport.framework/DeveloperToolsSupport.tbd
_$s21DeveloperToolsSupport13NamedResourceV6bundleSo8NSBundleCvpMV	System/Library/Frameworks/DeveloperToolsSupport.framework/DeveloperToolsSupport.tbd
_$s21DeveloperToolsSupport13NamedResourceV9hashValueSivg	System/Library/Frameworks/DeveloperToolsSupport.framework/DeveloperToolsSupport.tbd
_$s21DeveloperToolsSupport13NamedResourceV9hashValueSivpMV	System/Library/Frameworks/DeveloperToolsSupport.framework/DeveloperToolsSupport.tbd
_$s21DeveloperToolsSupport13NamedResourceVMa	System/Library/Frameworks/DeveloperToolsSupport.framework/DeveloperToolsSupport.tbd
_$s21DeveloperToolsSupport13NamedResourceVMn	System/Library/Frameworks/DeveloperToolsSupport.framework/DeveloperToolsSupport.tbd
_$s21DeveloperToolsSupport13NamedResourceVN	System/Library/Frameworks/DeveloperToolsSupport.framework/DeveloperToolsSupport.tbd
_$s21DeveloperToolsSupport13NamedResourceVSHAAMc	System/Library/Frameworks/DeveloperToolsSupport.framework/DeveloperToolsSupport.tbd
_$s21DeveloperToolsSupport13NamedResourceVSQAAMc	System/Library/Frameworks/DeveloperToolsSupport.framework/DeveloperToolsSupport.tbd
_$s21DeveloperToolsSupport13PreviewCameraV5PointV1x1y1zAESf_S2ftcfC	System/Library/Frameworks/DeveloperToolsSupport.framework/DeveloperToolsSupport.tbd
_$s21DeveloperToolsSupport13PreviewCameraV5PointV1xSfvg	System/Library/Frameworks/DeveloperToolsSupport.framework/DeveloperToolsSupport.tbd
_$s21DeveloperToolsSupport13PreviewCameraV5PointV1xSfvpMV	System/Library/Frameworks/DeveloperToolsSupport.framework/DeveloperToolsSupport.tbd
_$s21DeveloperToolsSupport13PreviewCameraV5PointV1ySfvg	System/Library/Frameworks/DeveloperToolsSupport.framework/DeveloperToolsSupport.tbd
_$s21DeveloperToolsSupport13PreviewCameraV5PointV1ySfvpMV	System/Library/Frameworks/DeveloperToolsSupport.framework/DeveloperToolsSupport.tbd
_$s21DeveloperToolsSupport13PreviewCameraV5PointV1zSfvg	System/Library/Frameworks/DeveloperToolsSupport.framework/DeveloperToolsSupport.tbd
_$s21DeveloperToolsSupport13PreviewCameraV5PointV1zSfvpMV	System/Library/Frameworks/DeveloperToolsSupport.framework/DeveloperToolsSupport.tbd
_$s21DeveloperToolsSupport13PreviewCameraV5PointVMa	System/Library/Frameworks/DeveloperToolsSupport.framework/DeveloperToolsSupport.tbd
_$s21DeveloperToolsSupport13PreviewCameraV5PointVMn	System/Library/Frameworks/DeveloperToolsSupport.framework/DeveloperToolsSupport.tbd
_$s21DeveloperToolsSupport13PreviewCameraV5PointVN	System/Library/Frameworks/DeveloperToolsSupport.framework/DeveloperToolsSupport.tbd
_$s21DeveloperToolsSupport13PreviewCameraV5ValueO4fromyAeC5PointV_SdSSSgtcAEmFWC	System/Library/Frameworks/DeveloperToolsSupport.framework/DeveloperToolsSupport.tbd
_$s21DeveloperToolsSupport13PreviewCameraV5ValueO9lookingAtyAeC5PointV_AHSSSgtcAEmFWC	System/Library/Frameworks/DeveloperToolsSupport.framework/DeveloperToolsSupport.tbd
_$s21DeveloperToolsSupport13PreviewCameraV5ValueOMa	System/Library/Frameworks/DeveloperToolsSupport.framework/DeveloperToolsSupport.tbd
_$s21DeveloperToolsSupport13PreviewCameraV5ValueOMn	System/Library/Frameworks/DeveloperToolsSupport.framework/DeveloperToolsSupport.tbd
_$s21DeveloperToolsSupport13PreviewCameraV5ValueON	System/Library/Frameworks/DeveloperToolsSupport.framework/DeveloperToolsSupport.tbd
_$s21DeveloperToolsSupport13PreviewCameraV5valueAC5ValueOvg	System/Library/Frameworks/DeveloperToolsSupport.framework/DeveloperToolsSupport.tbd
_$s21DeveloperToolsSupport13PreviewCameraV5valueAC5ValueOvpMV	System/Library/Frameworks/DeveloperToolsSupport.framework/DeveloperToolsSupport.tbd
_$s21DeveloperToolsSupport13PreviewCameraVMa	System/Library/Frameworks/DeveloperToolsSupport.framework/DeveloperToolsSupport.tbd
_$s21DeveloperToolsSupport13PreviewCameraVMn	System/Library/Frameworks/DeveloperToolsSupport.framework/DeveloperToolsSupport.tbd
_$s21DeveloperToolsSupport13PreviewCameraVN	System/Library/Frameworks/DeveloperToolsSupport.framework/DeveloperToolsSupport.tbd
_$s21DeveloperToolsSupport13PreviewCameraVyA2C5ValueOcfC	System/Library/Frameworks/DeveloperToolsSupport.framework/DeveloperToolsSupport.tbd
_$s21DeveloperToolsSupport13PreviewSourceMp	System/Library/Frameworks/DeveloperToolsSupport.framework/DeveloperToolsSupport.tbd
_$s21DeveloperToolsSupport13PreviewSourceP13contentDomainAA0de7ContentG0OvgTj	System/Library/Frameworks/DeveloperToolsSupport.framework/DeveloperToolsSupport.tbd
_$s21DeveloperToolsSupport13PreviewSourceP13contentDomainAA0de7ContentG0OvgTq	System/Library/Frameworks/DeveloperToolsSupport.framework/DeveloperToolsSupport.tbd
_$s21DeveloperToolsSupport13PreviewSourceP15contentCategoryAA0de7ContentG0VvgTj	System/Library/Frameworks/DeveloperToolsSupport.framework/DeveloperToolsSupport.tbd
_$s21DeveloperToolsSupport13PreviewSourceP15contentCategoryAA0de7ContentG0VvgTq	System/Library/Frameworks/DeveloperToolsSupport.framework/DeveloperToolsSupport.tbd
_$s21DeveloperToolsSupport13PreviewSourceP24supportsOnDevicePreviewsSbvgTj	System/Library/Frameworks/DeveloperToolsSupport.framework/DeveloperToolsSupport.tbd
_$s21DeveloperToolsSupport13PreviewSourceP24supportsOnDevicePreviewsSbvgTq	System/Library/Frameworks/DeveloperToolsSupport.framework/DeveloperToolsSupport.tbd
_$s21DeveloperToolsSupport13PreviewSourceP27supportsInteractivePreviewsSbvgTj	System/Library/Frameworks/DeveloperToolsSupport.framework/DeveloperToolsSupport.tbd
_$s21DeveloperToolsSupport13PreviewSourceP27supportsInteractivePreviewsSbvgTq	System/Library/Frameworks/DeveloperToolsSupport.framework/DeveloperToolsSupport.tbd
_$s21DeveloperToolsSupport13PreviewSourcePAAE24supportsOnDevicePreviewsSbvg	System/Library/Frameworks/DeveloperToolsSupport.framework/DeveloperToolsSupport.tbd
_$s21DeveloperToolsSupport13PreviewSourcePAAE24supportsOnDevicePreviewsSbvpMV	System/Library/Frameworks/DeveloperToolsSupport.framework/DeveloperToolsSupport.tbd
_$s21DeveloperToolsSupport13PreviewSourcePAAE27supportsInteractivePreviewsSbvg	System/Library/Frameworks/DeveloperToolsSupport.framework/DeveloperToolsSupport.tbd
_$s21DeveloperToolsSupport13PreviewSourcePAAE27supportsInteractivePreviewsSbvpMV	System/Library/Frameworks/DeveloperToolsSupport.framework/DeveloperToolsSupport.tbd
_$s21DeveloperToolsSupport13PreviewSourceTL	System/Library/Frameworks/DeveloperToolsSupport.framework/DeveloperToolsSupport.tbd
_$s21DeveloperToolsSupport14PreviewSectionVMa	System/Library/Frameworks/DeveloperToolsSupport.framework/DeveloperToolsSupport.tbd
_$s21DeveloperToolsSupport14PreviewSectionVMn	System/Library/Frameworks/DeveloperToolsSupport.framework/DeveloperToolsSupport.tbd
_$s21DeveloperToolsSupport14PreviewSectionV_9argumentsACyxGSgSSSg_SayxGyXEtcfC	System/Library/Frameworks/DeveloperToolsSupport.framework/DeveloperToolsSupport.tbd
_$s21DeveloperToolsSupport14RegistrySourceMp	System/Library/Frameworks/DeveloperToolsSupport.framework/DeveloperToolsSupport.tbd
_$s21DeveloperToolsSupport14RegistrySourceP20registryTypeRawValueSSvgTj	System/Library/Frameworks/DeveloperToolsSupport.framework/DeveloperToolsSupport.tbd
_$s21DeveloperToolsSupport14RegistrySourceP20registryTypeRawValueSSvgTq	System/Library/Frameworks/DeveloperToolsSupport.framework/DeveloperToolsSupport.tbd
_$s21DeveloperToolsSupport14RegistrySourceTL	System/Library/Frameworks/DeveloperToolsSupport.framework/DeveloperToolsSupport.tbd
_$s21DeveloperToolsSupport15PreviewRegistryMp	System/Library/Frameworks/DeveloperToolsSupport.framework/DeveloperToolsSupport.tbd
_$s21DeveloperToolsSupport15PreviewRegistryP04makeD0AA0D0VyKFZTj	System/Library/Frameworks/DeveloperToolsSupport.framework/DeveloperToolsSupport.tbd
_$s21DeveloperToolsSupport15PreviewRegistryP04makeD0AA0D0VyKFZTq	System/Library/Frameworks/DeveloperToolsSupport.framework/DeveloperToolsSupport.tbd
_$s21DeveloperToolsSupport15PreviewRegistryP4lineSivgZTj	System/Library/Frameworks/DeveloperToolsSupport.framework/DeveloperToolsSupport.tbd
_$s21DeveloperToolsSupport15PreviewRegistryP4lineSivgZTq	System/Library/Frameworks/DeveloperToolsSupport.framework/DeveloperToolsSupport.tbd
_$s21DeveloperToolsSupport15PreviewRegistryP6columnSivgZTj	System/Library/Frameworks/DeveloperToolsSupport.framework/DeveloperToolsSupport.tbd
_$s21DeveloperToolsSupport15PreviewRegistryP6columnSivgZTq	System/Library/Frameworks/DeveloperToolsSupport.framework/DeveloperToolsSupport.tbd
_$s21DeveloperToolsSupport15PreviewRegistryP6fileIDSSvgZTj	System/Library/Frameworks/DeveloperToolsSupport.framework/DeveloperToolsSupport.tbd
_$s21DeveloperToolsSupport15PreviewRegistryP6fileIDSSvgZTq	System/Library/Frameworks/DeveloperToolsSupport.framework/DeveloperToolsSupport.tbd
_$s21DeveloperToolsSupport15PreviewRegistryP7previewAA0D0VvgZTj	System/Library/Frameworks/DeveloperToolsSupport.framework/DeveloperToolsSupport.tbd
_$s21DeveloperToolsSupport15PreviewRegistryP7previewAA0D0VvgZTq	System/Library/Frameworks/DeveloperToolsSupport.framework/DeveloperToolsSupport.tbd
_$s21DeveloperToolsSupport15PreviewRegistryPAAE7previewAA0D0VvgZ	System/Library/Frameworks/DeveloperToolsSupport.framework/DeveloperToolsSupport.tbd
_$s21DeveloperToolsSupport15PreviewRegistryPAAE7previewAA0D0VvpZMV	System/Library/Frameworks/DeveloperToolsSupport.framework/DeveloperToolsSupport.tbd
_$s21DeveloperToolsSupport15PreviewRegistryTL	System/Library/Frameworks/DeveloperToolsSupport.framework/DeveloperToolsSupport.tbd
_$s21DeveloperToolsSupport16PreviewArgumentsVMa	System/Library/Frameworks/DeveloperToolsSupport.framework/DeveloperToolsSupport.tbd
_$s21DeveloperToolsSupport16PreviewArgumentsVMn	System/Library/Frameworks/DeveloperToolsSupport.framework/DeveloperToolsSupport.tbd
_$s21DeveloperToolsSupport17PreviewGroupIndexV2eeoiySbAC_ACtFZ	System/Library/Frameworks/DeveloperToolsSupport.framework/DeveloperToolsSupport.tbd
_$s21DeveloperToolsSupport17PreviewGroupIndexV4hash4intoys6HasherVz_tF	System/Library/Frameworks/DeveloperToolsSupport.framework/DeveloperToolsSupport.tbd
_$s21DeveloperToolsSupport17PreviewGroupIndexV7previewSivM	System/Library/Frameworks/DeveloperToolsSupport.framework/DeveloperToolsSupport.tbd
_$s21DeveloperToolsSupport17PreviewGroupIndexV7previewSivg	System/Library/Frameworks/DeveloperToolsSupport.framework/DeveloperToolsSupport.tbd
_$s21DeveloperToolsSupport17PreviewGroupIndexV7previewSivpMV	System/Library/Frameworks/DeveloperToolsSupport.framework/DeveloperToolsSupport.tbd
_$s21DeveloperToolsSupport17PreviewGroupIndexV7previewSivs	System/Library/Frameworks/DeveloperToolsSupport.framework/DeveloperToolsSupport.tbd
_$s21DeveloperToolsSupport17PreviewGroupIndexV7section7previewACSi_SitcfC	System/Library/Frameworks/DeveloperToolsSupport.framework/DeveloperToolsSupport.tbd
_$s21DeveloperToolsSupport17PreviewGroupIndexV7sectionSivM	System/Library/Frameworks/DeveloperToolsSupport.framework/DeveloperToolsSupport.tbd
_$s21DeveloperToolsSupport17PreviewGroupIndexV7sectionSivg	System/Library/Frameworks/DeveloperToolsSupport.framework/DeveloperToolsSupport.tbd
_$s21DeveloperToolsSupport17PreviewGroupIndexV7sectionSivpMV	System/Library/Frameworks/DeveloperToolsSupport.framework/DeveloperToolsSupport.tbd
_$s21DeveloperToolsSupport17PreviewGroupIndexV7sectionSivs	System/Library/Frameworks/DeveloperToolsSupport.framework/DeveloperToolsSupport.tbd
_$s21DeveloperToolsSupport17PreviewGroupIndexV9hashValueSivg	System/Library/Frameworks/DeveloperToolsSupport.framework/DeveloperToolsSupport.tbd
_$s21DeveloperToolsSupport17PreviewGroupIndexV9hashValueSivpMV	System/Library/Frameworks/DeveloperToolsSupport.framework/DeveloperToolsSupport.tbd
_$s21DeveloperToolsSupport17PreviewGroupIndexVMa	System/Library/Frameworks/DeveloperToolsSupport.framework/DeveloperToolsSupport.tbd
_$s21DeveloperToolsSupport17PreviewGroupIndexVMn	System/Library/Frameworks/DeveloperToolsSupport.framework/DeveloperToolsSupport.tbd
_$s21DeveloperToolsSupport17PreviewGroupIndexVN	System/Library/Frameworks/DeveloperToolsSupport.framework/DeveloperToolsSupport.tbd
_$s21DeveloperToolsSupport17PreviewGroupIndexVSHAAMc	System/Library/Frameworks/DeveloperToolsSupport.framework/DeveloperToolsSupport.tbd
_$s21DeveloperToolsSupport17PreviewGroupIndexVSQAAMc	System/Library/Frameworks/DeveloperToolsSupport.framework/DeveloperToolsSupport.tbd
_$s21DeveloperToolsSupport17ResourceReferenceO2eeoiySbAC_ACtFZ	System/Library/Frameworks/DeveloperToolsSupport.framework/DeveloperToolsSupport.tbd
_$s21DeveloperToolsSupport17ResourceReferenceO4hash4intoys6HasherVz_tF	System/Library/Frameworks/DeveloperToolsSupport.framework/DeveloperToolsSupport.tbd
_$s21DeveloperToolsSupport17ResourceReferenceO5namedyAcA05NamedD0VcACmFWC	System/Library/Frameworks/DeveloperToolsSupport.framework/DeveloperToolsSupport.tbd
_$s21DeveloperToolsSupport17ResourceReferenceO9hashValueSivg	System/Library/Frameworks/DeveloperToolsSupport.framework/DeveloperToolsSupport.tbd
_$s21DeveloperToolsSupport17ResourceReferenceO9hashValueSivpMV	System/Library/Frameworks/DeveloperToolsSupport.framework/DeveloperToolsSupport.tbd
_$s21DeveloperToolsSupport17ResourceReferenceOMa	System/Library/Frameworks/DeveloperToolsSupport.framework/DeveloperToolsSupport.tbd
_$s21DeveloperToolsSupport17ResourceReferenceOMn	System/Library/Frameworks/DeveloperToolsSupport.framework/DeveloperToolsSupport.tbd
_$s21DeveloperToolsSupport17ResourceReferenceON	System/Library/Frameworks/DeveloperToolsSupport.framework/DeveloperToolsSupport.tbd
_$s21DeveloperToolsSupport17ResourceReferenceOSHAAMc	System/Library/Frameworks/DeveloperToolsSupport.framework/DeveloperToolsSupport.tbd
_$s21DeveloperToolsSupport17ResourceReferenceOSQAAMc	System/Library/Frameworks/DeveloperToolsSupport.framework/DeveloperToolsSupport.tbd
_$s21DeveloperToolsSupport18PreviewBodyBuilderV10buildBlockyxxFZ	System/Library/Frameworks/DeveloperToolsSupport.framework/DeveloperToolsSupport.tbd
_$s21DeveloperToolsSupport18PreviewBodyBuilderV10buildBlockyxxd_tFZ	System/Library/Frameworks/DeveloperToolsSupport.framework/DeveloperToolsSupport.tbd
_$s21DeveloperToolsSupport18PreviewBodyBuilderV11buildEither5firstxx_tFZ	System/Library/Frameworks/DeveloperToolsSupport.framework/DeveloperToolsSupport.tbd
_$s21DeveloperToolsSupport18PreviewBodyBuilderV11buildEither6secondxx_tFZ	System/Library/Frameworks/DeveloperToolsSupport.framework/DeveloperToolsSupport.tbd
_$s21DeveloperToolsSupport18PreviewBodyBuilderV13buildOptionalyxxSgFZ	System/Library/Frameworks/DeveloperToolsSupport.framework/DeveloperToolsSupport.tbd
_$s21DeveloperToolsSupport18PreviewBodyBuilderV24buildLimitedAvailabilityyxxFZ	System/Library/Frameworks/DeveloperToolsSupport.framework/DeveloperToolsSupport.tbd
_$s21DeveloperToolsSupport18PreviewBodyBuilderVMa	System/Library/Frameworks/DeveloperToolsSupport.framework/DeveloperToolsSupport.tbd
_$s21DeveloperToolsSupport18PreviewBodyBuilderVMn	System/Library/Frameworks/DeveloperToolsSupport.framework/DeveloperToolsSupport.tbd
_$s21DeveloperToolsSupport18PreviewCameraTraitV12defaultValueSayAA0dE0VGvgZ	System/Library/Frameworks/DeveloperToolsSupport.framework/DeveloperToolsSupport.tbd
_$s21DeveloperToolsSupport18PreviewCameraTraitV12defaultValueSayAA0dE0VGvpZMV	System/Library/Frameworks/DeveloperToolsSupport.framework/DeveloperToolsSupport.tbd
_$s21DeveloperToolsSupport18PreviewCameraTraitV5valueSayAA0dE0VGvg	System/Library/Frameworks/DeveloperToolsSupport.framework/DeveloperToolsSupport.tbd
_$s21DeveloperToolsSupport18PreviewCameraTraitV5valueSayAA0dE0VGvpMV	System/Library/Frameworks/DeveloperToolsSupport.framework/DeveloperToolsSupport.tbd
_$s21DeveloperToolsSupport18PreviewCameraTraitV7combineySayAA0dE0VGAG_AGtFZ	System/Library/Frameworks/DeveloperToolsSupport.framework/DeveloperToolsSupport.tbd
_$s21DeveloperToolsSupport18PreviewCameraTraitVAA0dF8ProtocolAAMc	System/Library/Frameworks/DeveloperToolsSupport.framework/DeveloperToolsSupport.tbd
_$s21DeveloperToolsSupport18PreviewCameraTraitVAA0dF8ProtocolAAWP	System/Library/Frameworks/DeveloperToolsSupport.framework/DeveloperToolsSupport.tbd
_$s21DeveloperToolsSupport18PreviewCameraTraitVMa	System/Library/Frameworks/DeveloperToolsSupport.framework/DeveloperToolsSupport.tbd
_$s21DeveloperToolsSupport18PreviewCameraTraitVMn	System/Library/Frameworks/DeveloperToolsSupport.framework/DeveloperToolsSupport.tbd
_$s21DeveloperToolsSupport18PreviewCameraTraitVN	System/Library/Frameworks/DeveloperToolsSupport.framework/DeveloperToolsSupport.tbd
_$s21DeveloperToolsSupport18PreviewLayoutTraitV12defaultValue7SwiftUI0dE0OvgZ	System/Library/Frameworks/DeveloperToolsSupport.framework/DeveloperToolsSupport.tbd
_$s21DeveloperToolsSupport18PreviewLayoutTraitV12defaultValue7SwiftUI0dE0OvpZMV	System/Library/Frameworks/DeveloperToolsSupport.framework/DeveloperToolsSupport.tbd
_$s21DeveloperToolsSupport18PreviewLayoutTraitV5value7SwiftUI0dE0Ovg	System/Library/Frameworks/DeveloperToolsSupport.framework/DeveloperToolsSupport.tbd
_$s21DeveloperToolsSupport18PreviewLayoutTraitV5value7SwiftUI0dE0OvpMV	System/Library/Frameworks/DeveloperToolsSupport.framework/DeveloperToolsSupport.tbd
_$s21DeveloperToolsSupport18PreviewLayoutTraitV7combiney7SwiftUI0dE0OAG_AGtFZ	System/Library/Frameworks/DeveloperToolsSupport.framework/DeveloperToolsSupport.tbd
_$s21DeveloperToolsSupport18PreviewLayoutTraitVAA0dF8ProtocolAAMc	System/Library/Frameworks/DeveloperToolsSupport.framework/DeveloperToolsSupport.tbd
_$s21DeveloperToolsSupport18PreviewLayoutTraitVAA0dF8ProtocolAAWP	System/Library/Frameworks/DeveloperToolsSupport.framework/DeveloperToolsSupport.tbd
_$s21DeveloperToolsSupport18PreviewLayoutTraitVMa	System/Library/Frameworks/DeveloperToolsSupport.framework/DeveloperToolsSupport.tbd
_$s21DeveloperToolsSupport18PreviewLayoutTraitVMn	System/Library/Frameworks/DeveloperToolsSupport.framework/DeveloperToolsSupport.tbd
_$s21DeveloperToolsSupport18PreviewLayoutTraitVN	System/Library/Frameworks/DeveloperToolsSupport.framework/DeveloperToolsSupport.tbd
_$s21DeveloperToolsSupport18PreviewUnavailableVACycfC	System/Library/Frameworks/DeveloperToolsSupport.framework/DeveloperToolsSupport.tbd
_$s21DeveloperToolsSupport18PreviewUnavailableVMa	System/Library/Frameworks/DeveloperToolsSupport.framework/DeveloperToolsSupport.tbd
_$s21DeveloperToolsSupport18PreviewUnavailableVMn	System/Library/Frameworks/DeveloperToolsSupport.framework/DeveloperToolsSupport.tbd
_$s21DeveloperToolsSupport18PreviewUnavailableVN	System/Library/Frameworks/DeveloperToolsSupport.framework/DeveloperToolsSupport.tbd
_$s21DeveloperToolsSupport18PreviewUnavailableVs5ErrorAAMc	System/Library/Frameworks/DeveloperToolsSupport.framework/DeveloperToolsSupport.tbd
_$s21DeveloperToolsSupport19_PlaygroundRegistryMp	System/Library/Frameworks/DeveloperToolsSupport.framework/DeveloperToolsSupport.tbd
_$s21DeveloperToolsSupport19_PlaygroundRegistryP04makeD0AA01_D0VyKFZTj	System/Library/Frameworks/DeveloperToolsSupport.framework/DeveloperToolsSupport.tbd
_$s21DeveloperToolsSupport19_PlaygroundRegistryP04makeD0AA01_D0VyKFZTq	System/Library/Frameworks/DeveloperToolsSupport.framework/DeveloperToolsSupport.tbd
_$s21DeveloperToolsSupport19_PlaygroundRegistryP4lineSivgZTj	System/Library/Frameworks/DeveloperToolsSupport.framework/DeveloperToolsSupport.tbd
_$s21DeveloperToolsSupport19_PlaygroundRegistryP4lineSivgZTq	System/Library/Frameworks/DeveloperToolsSupport.framework/DeveloperToolsSupport.tbd
_$s21DeveloperToolsSupport19_PlaygroundRegistryP6columnSivgZTj	System/Library/Frameworks/DeveloperToolsSupport.framework/DeveloperToolsSupport.tbd
_$s21DeveloperToolsSupport19_PlaygroundRegistryP6columnSivgZTq	System/Library/Frameworks/DeveloperToolsSupport.framework/DeveloperToolsSupport.tbd
_$s21DeveloperToolsSupport19_PlaygroundRegistryP6fileIDSSvgZTj	System/Library/Frameworks/DeveloperToolsSupport.framework/DeveloperToolsSupport.tbd
_$s21DeveloperToolsSupport19_PlaygroundRegistryP6fileIDSSvgZTq	System/Library/Frameworks/DeveloperToolsSupport.framework/DeveloperToolsSupport.tbd
_$s21DeveloperToolsSupport19_PlaygroundRegistryTL	System/Library/Frameworks/DeveloperToolsSupport.framework/DeveloperToolsSupport.tbd
_$s21DeveloperToolsSupport20AssistiveAccessTraitV12defaultValueSbvgZ	System/Library/Frameworks/DeveloperToolsSupport.framework/DeveloperToolsSupport.tbd
_$s21DeveloperToolsSupport20AssistiveAccessTraitV12defaultValueSbvpZMV	System/Library/Frameworks/DeveloperToolsSupport.framework/DeveloperToolsSupport.tbd
_$s21DeveloperToolsSupport20AssistiveAccessTraitV5valueSbvg	System/Library/Frameworks/DeveloperToolsSupport.framework/DeveloperToolsSupport.tbd
_$s21DeveloperToolsSupport20AssistiveAccessTraitV5valueSbvpMV	System/Library/Frameworks/DeveloperToolsSupport.framework/DeveloperToolsSupport.tbd
_$s21DeveloperToolsSupport20AssistiveAccessTraitV7combineyS2b_SbtFZ	System/Library/Frameworks/DeveloperToolsSupport.framework/DeveloperToolsSupport.tbd
_$s21DeveloperToolsSupport20AssistiveAccessTraitVAA07PreviewF8ProtocolAAMc	System/Library/Frameworks/DeveloperToolsSupport.framework/DeveloperToolsSupport.tbd
_$s21DeveloperToolsSupport20AssistiveAccessTraitVAA07PreviewF8ProtocolAAWP	System/Library/Frameworks/DeveloperToolsSupport.framework/DeveloperToolsSupport.tbd
_$s21DeveloperToolsSupport20AssistiveAccessTraitVMa	System/Library/Frameworks/DeveloperToolsSupport.framework/DeveloperToolsSupport.tbd
_$s21DeveloperToolsSupport20AssistiveAccessTraitVMn	System/Library/Frameworks/DeveloperToolsSupport.framework/DeveloperToolsSupport.tbd
_$s21DeveloperToolsSupport20AssistiveAccessTraitVN	System/Library/Frameworks/DeveloperToolsSupport.framework/DeveloperToolsSupport.tbd
_$s21DeveloperToolsSupport20DefaultPreviewSourceV13contentDomain0G8Category24supportsOnDevicePreviews0j11InteractiveM04bodyACyxGAA0ef7ContentH0O_AA0efpI0VS2bxyScMYcctcfC	System/Library/Frameworks/DeveloperToolsSupport.framework/DeveloperToolsSupport.tbd
_$s21DeveloperToolsSupport20DefaultPreviewSourceV13contentDomain0G8Category24supportsOnDevicePreviews0j11InteractiveM09arguments4bodyACyxGAA0ef7ContentH0O_AA0efqI0VS2bAA0E9ArgumentsVyqd__Gxqd__ScMYcctclufC	System/Library/Frameworks/DeveloperToolsSupport.framework/DeveloperToolsSupport.tbd
_$s21DeveloperToolsSupport20DefaultPreviewSourceV13contentDomainAA0ef7ContentH0OvM	System/Library/Frameworks/DeveloperToolsSupport.framework/DeveloperToolsSupport.tbd
_$s21DeveloperToolsSupport20DefaultPreviewSourceV13contentDomainAA0ef7ContentH0Ovg	System/Library/Frameworks/DeveloperToolsSupport.framework/DeveloperToolsSupport.tbd
_$s21DeveloperToolsSupport20DefaultPreviewSourceV13contentDomainAA0ef7ContentH0OvpMV	System/Library/Frameworks/DeveloperToolsSupport.framework/DeveloperToolsSupport.tbd
_$s21DeveloperToolsSupport20DefaultPreviewSourceV13contentDomainAA0ef7ContentH0Ovs	System/Library/Frameworks/DeveloperToolsSupport.framework/DeveloperToolsSupport.tbd
_$s21DeveloperToolsSupport20DefaultPreviewSourceV15contentCategoryAA0ef7ContentH0VvM	System/Library/Frameworks/DeveloperToolsSupport.framework/DeveloperToolsSupport.tbd
_$s21DeveloperToolsSupport20DefaultPreviewSourceV15contentCategoryAA0ef7ContentH0Vvg	System/Library/Frameworks/DeveloperToolsSupport.framework/DeveloperToolsSupport.tbd
_$s21DeveloperToolsSupport20DefaultPreviewSourceV15contentCategoryAA0ef7ContentH0VvpMV	System/Library/Frameworks/DeveloperToolsSupport.framework/DeveloperToolsSupport.tbd
_$s21DeveloperToolsSupport20DefaultPreviewSourceV15contentCategoryAA0ef7ContentH0Vvs	System/Library/Frameworks/DeveloperToolsSupport.framework/DeveloperToolsSupport.tbd
_$s21DeveloperToolsSupport20DefaultPreviewSourceV24supportsOnDevicePreviewsSbvM	System/Library/Frameworks/DeveloperToolsSupport.framework/DeveloperToolsSupport.tbd
_$s21DeveloperToolsSupport20DefaultPreviewSourceV24supportsOnDevicePreviewsSbvg	System/Library/Frameworks/DeveloperToolsSupport.framework/DeveloperToolsSupport.tbd
_$s21DeveloperToolsSupport20DefaultPreviewSourceV24supportsOnDevicePreviewsSbvpMV	System/Library/Frameworks/DeveloperToolsSupport.framework/DeveloperToolsSupport.tbd
_$s21DeveloperToolsSupport20DefaultPreviewSourceV24supportsOnDevicePreviewsSbvs	System/Library/Frameworks/DeveloperToolsSupport.framework/DeveloperToolsSupport.tbd
_$s21DeveloperToolsSupport20DefaultPreviewSourceV27supportsInteractivePreviewsSbvM	System/Library/Frameworks/DeveloperToolsSupport.framework/DeveloperToolsSupport.tbd
_$s21DeveloperToolsSupport20DefaultPreviewSourceV27supportsInteractivePreviewsSbvg	System/Library/Frameworks/DeveloperToolsSupport.framework/DeveloperToolsSupport.tbd
_$s21DeveloperToolsSupport20DefaultPreviewSourceV27supportsInteractivePreviewsSbvpMV	System/Library/Frameworks/DeveloperToolsSupport.framework/DeveloperToolsSupport.tbd
_$s21DeveloperToolsSupport20DefaultPreviewSourceV27supportsInteractivePreviewsSbvs	System/Library/Frameworks/DeveloperToolsSupport.framework/DeveloperToolsSupport.tbd
_$s21DeveloperToolsSupport20DefaultPreviewSourceV9StructureO05emptyE5GroupyAEyx_GAGmlFWC	System/Library/Frameworks/DeveloperToolsSupport.framework/DeveloperToolsSupport.tbd
_$s21DeveloperToolsSupport20DefaultPreviewSourceV9StructureO06singleE0yAEyx_GxyScMYcc_tcAGmlFWC	System/Library/Frameworks/DeveloperToolsSupport.framework/DeveloperToolsSupport.tbd
_$s21DeveloperToolsSupport20DefaultPreviewSourceV9StructureO12previewGroupyAEyx_GAA0eI8MetadataV_x_AA0eI5IndexVtAKSgScMYcctcAGmlFWC	System/Library/Frameworks/DeveloperToolsSupport.framework/DeveloperToolsSupport.tbd
_$s21DeveloperToolsSupport20DefaultPreviewSourceV9StructureOMa	System/Library/Frameworks/DeveloperToolsSupport.framework/DeveloperToolsSupport.tbd
_$s21DeveloperToolsSupport20DefaultPreviewSourceV9StructureOMn	System/Library/Frameworks/DeveloperToolsSupport.framework/DeveloperToolsSupport.tbd
_$s21DeveloperToolsSupport20DefaultPreviewSourceV9structureAC9StructureOyx_GvM	System/Library/Frameworks/DeveloperToolsSupport.framework/DeveloperToolsSupport.tbd
_$s21DeveloperToolsSupport20DefaultPreviewSourceV9structureAC9StructureOyx_Gvg	System/Library/Frameworks/DeveloperToolsSupport.framework/DeveloperToolsSupport.tbd
_$s21DeveloperToolsSupport20DefaultPreviewSourceV9structureAC9StructureOyx_GvpMV	System/Library/Frameworks/DeveloperToolsSupport.framework/DeveloperToolsSupport.tbd
_$s21DeveloperToolsSupport20DefaultPreviewSourceV9structureAC9StructureOyx_Gvs	System/Library/Frameworks/DeveloperToolsSupport.framework/DeveloperToolsSupport.tbd
_$s21DeveloperToolsSupport20DefaultPreviewSourceVMa	System/Library/Frameworks/DeveloperToolsSupport.framework/DeveloperToolsSupport.tbd
_$s21DeveloperToolsSupport20DefaultPreviewSourceVMn	System/Library/Frameworks/DeveloperToolsSupport.framework/DeveloperToolsSupport.tbd
_$s21DeveloperToolsSupport20DefaultPreviewSourceVyxGAA0eF0AAMc	System/Library/Frameworks/DeveloperToolsSupport.framework/DeveloperToolsSupport.tbd
_$s21DeveloperToolsSupport20DefaultPreviewSourceVyxGAA0eF0AAWP	System/Library/Frameworks/DeveloperToolsSupport.framework/DeveloperToolsSupport.tbd
_$s21DeveloperToolsSupport20PreviewCameraBuilderV10buildArrayySayAA0dE0VGSayAGGFZ	System/Library/Frameworks/DeveloperToolsSupport.framework/DeveloperToolsSupport.tbd
_$s21DeveloperToolsSupport20PreviewCameraBuilderV15buildExpressionySayAA0dE0VGAFFZ	System/Library/Frameworks/DeveloperToolsSupport.framework/DeveloperToolsSupport.tbd
_$s21DeveloperToolsSupport20PreviewCameraBuilderV15buildExpressionySayAA0dE0VGAGFZ	System/Library/Frameworks/DeveloperToolsSupport.framework/DeveloperToolsSupport.tbd
_$s21DeveloperToolsSupport20PreviewCameraBuilderV17buildPartialBlock11accumulated4nextSayAA0dE0VGAI_AItFZ	System/Library/Frameworks/DeveloperToolsSupport.framework/DeveloperToolsSupport.tbd
_$s21DeveloperToolsSupport20PreviewCameraBuilderV17buildPartialBlock5firstSayAA0dE0VGAH_tFZ	System/Library/Frameworks/DeveloperToolsSupport.framework/DeveloperToolsSupport.tbd
_$s21DeveloperToolsSupport20PreviewCameraBuilderVMa	System/Library/Frameworks/DeveloperToolsSupport.framework/DeveloperToolsSupport.tbd
_$s21DeveloperToolsSupport20PreviewCameraBuilderVMn	System/Library/Frameworks/DeveloperToolsSupport.framework/DeveloperToolsSupport.tbd
_$s21DeveloperToolsSupport20PreviewCameraBuilderVN	System/Library/Frameworks/DeveloperToolsSupport.framework/DeveloperToolsSupport.tbd
_$s21DeveloperToolsSupport20PreviewGroupMetadataV12firstSection12moreSectionsA2C0H0V_SayAGGtcfC	System/Library/Frameworks/DeveloperToolsSupport.framework/DeveloperToolsSupport.tbd
_$s21DeveloperToolsSupport20PreviewGroupMetadataV12firstSectionAC0H0VvM	System/Library/Frameworks/DeveloperToolsSupport.framework/DeveloperToolsSupport.tbd
_$s21DeveloperToolsSupport20PreviewGroupMetadataV12firstSectionAC0H0Vvg	System/Library/Frameworks/DeveloperToolsSupport.framework/DeveloperToolsSupport.tbd
_$s21DeveloperToolsSupport20PreviewGroupMetadataV12firstSectionAC0H0VvpMV	System/Library/Frameworks/DeveloperToolsSupport.framework/DeveloperToolsSupport.tbd
_$s21DeveloperToolsSupport20PreviewGroupMetadataV12firstSectionAC0H0Vvs	System/Library/Frameworks/DeveloperToolsSupport.framework/DeveloperToolsSupport.tbd
_$s21DeveloperToolsSupport20PreviewGroupMetadataV12moreSectionsSayAC7SectionVGvM	System/Library/Frameworks/DeveloperToolsSupport.framework/DeveloperToolsSupport.tbd
_$s21DeveloperToolsSupport20PreviewGroupMetadataV12moreSectionsSayAC7SectionVGvg	System/Library/Frameworks/DeveloperToolsSupport.framework/DeveloperToolsSupport.tbd
_$s21DeveloperToolsSupport20PreviewGroupMetadataV12moreSectionsSayAC7SectionVGvpMV	System/Library/Frameworks/DeveloperToolsSupport.framework/DeveloperToolsSupport.tbd
_$s21DeveloperToolsSupport20PreviewGroupMetadataV12moreSectionsSayAC7SectionVGvs	System/Library/Frameworks/DeveloperToolsSupport.framework/DeveloperToolsSupport.tbd
_$s21DeveloperToolsSupport20PreviewGroupMetadataV2eeoiySbAC_ACtFZ	System/Library/Frameworks/DeveloperToolsSupport.framework/DeveloperToolsSupport.tbd
_$s21DeveloperToolsSupport20PreviewGroupMetadataV4hash4intoys6HasherVz_tF	System/Library/Frameworks/DeveloperToolsSupport.framework/DeveloperToolsSupport.tbd
_$s21DeveloperToolsSupport20PreviewGroupMetadataV7SectionV12previewCountSivM	System/Library/Frameworks/DeveloperToolsSupport.framework/DeveloperToolsSupport.tbd
_$s21DeveloperToolsSupport20PreviewGroupMetadataV7SectionV12previewCountSivg	System/Library/Frameworks/DeveloperToolsSupport.framework/DeveloperToolsSupport.tbd
_$s21DeveloperToolsSupport20PreviewGroupMetadataV7SectionV12previewCountSivpMV	System/Library/Frameworks/DeveloperToolsSupport.framework/DeveloperToolsSupport.tbd
_$s21DeveloperToolsSupport20PreviewGroupMetadataV7SectionV12previewCountSivs	System/Library/Frameworks/DeveloperToolsSupport.framework/DeveloperToolsSupport.tbd
_$s21DeveloperToolsSupport20PreviewGroupMetadataV7SectionV2eeoiySbAE_AEtFZ	System/Library/Frameworks/DeveloperToolsSupport.framework/DeveloperToolsSupport.tbd
_$s21DeveloperToolsSupport20PreviewGroupMetadataV7SectionV4hash4intoys6HasherVz_tF	System/Library/Frameworks/DeveloperToolsSupport.framework/DeveloperToolsSupport.tbd
_$s21DeveloperToolsSupport20PreviewGroupMetadataV7SectionV5title12previewCountAESSSg_SitcfC	System/Library/Frameworks/DeveloperToolsSupport.framework/DeveloperToolsSupport.tbd
_$s21DeveloperToolsSupport20PreviewGroupMetadataV7SectionV5titleSSSgvM	System/Library/Frameworks/DeveloperToolsSupport.framework/DeveloperToolsSupport.tbd
_$s21DeveloperToolsSupport20PreviewGroupMetadataV7SectionV5titleSSSgvg	System/Library/Frameworks/DeveloperToolsSupport.framework/DeveloperToolsSupport.tbd
_$s21DeveloperToolsSupport20PreviewGroupMetadataV7SectionV5titleSSSgvpMV	System/Library/Frameworks/DeveloperToolsSupport.framework/DeveloperToolsSupport.tbd
_$s21DeveloperToolsSupport20PreviewGroupMetadataV7SectionV5titleSSSgvs	System/Library/Frameworks/DeveloperToolsSupport.framework/DeveloperToolsSupport.tbd
_$s21DeveloperToolsSupport20PreviewGroupMetadataV7SectionV9hashValueSivg	System/Library/Frameworks/DeveloperToolsSupport.framework/DeveloperToolsSupport.tbd
_$s21DeveloperToolsSupport20PreviewGroupMetadataV7SectionV9hashValueSivpMV	System/Library/Frameworks/DeveloperToolsSupport.framework/DeveloperToolsSupport.tbd
_$s21DeveloperToolsSupport20PreviewGroupMetadataV7SectionVMa	System/Library/Frameworks/DeveloperToolsSupport.framework/DeveloperToolsSupport.tbd
_$s21DeveloperToolsSupport20PreviewGroupMetadataV7SectionVMn	System/Library/Frameworks/DeveloperToolsSupport.framework/DeveloperToolsSupport.tbd
_$s21DeveloperToolsSupport20PreviewGroupMetadataV7SectionVN	System/Library/Frameworks/DeveloperToolsSupport.framework/DeveloperToolsSupport.tbd
_$s21DeveloperToolsSupport20PreviewGroupMetadataV7SectionVSHAAMc	System/Library/Frameworks/DeveloperToolsSupport.framework/DeveloperToolsSupport.tbd
_$s21DeveloperToolsSupport20PreviewGroupMetadataV7SectionVSQAAMc	System/Library/Frameworks/DeveloperToolsSupport.framework/DeveloperToolsSupport.tbd
_$s21DeveloperToolsSupport20PreviewGroupMetadataV9hashValueSivg	System/Library/Frameworks/DeveloperToolsSupport.framework/DeveloperToolsSupport.tbd
_$s21DeveloperToolsSupport20PreviewGroupMetadataV9hashValueSivpMV	System/Library/Frameworks/DeveloperToolsSupport.framework/DeveloperToolsSupport.tbd
_$s21DeveloperToolsSupport20PreviewGroupMetadataVMa	System/Library/Frameworks/DeveloperToolsSupport.framework/DeveloperToolsSupport.tbd
_$s21DeveloperToolsSupport20PreviewGroupMetadataVMn	System/Library/Frameworks/DeveloperToolsSupport.framework/DeveloperToolsSupport.tbd
_$s21DeveloperToolsSupport20PreviewGroupMetadataVN	System/Library/Frameworks/DeveloperToolsSupport.framework/DeveloperToolsSupport.tbd
_$s21DeveloperToolsSupport20PreviewGroupMetadataVSHAAMc	System/Library/Frameworks/DeveloperToolsSupport.framework/DeveloperToolsSupport.tbd
_$s21DeveloperToolsSupport20PreviewGroupMetadataVSQAAMc	System/Library/Frameworks/DeveloperToolsSupport.framework/DeveloperToolsSupport.tbd
_$s21DeveloperToolsSupport20PreviewImageCategoryV5photoACvgZ	System/Library/Frameworks/DeveloperToolsSupport.framework/DeveloperToolsSupport.tbd
_$s21DeveloperToolsSupport20PreviewImageCategoryV5photoACvpZMV	System/Library/Frameworks/DeveloperToolsSupport.framework/DeveloperToolsSupport.tbd
_$s21DeveloperToolsSupport20PreviewImageCategoryV6avatarACvgZ	System/Library/Frameworks/DeveloperToolsSupport.framework/DeveloperToolsSupport.tbd
_$s21DeveloperToolsSupport20PreviewImageCategoryV6avatarACvpZMV	System/Library/Frameworks/DeveloperToolsSupport.framework/DeveloperToolsSupport.tbd
_$s21DeveloperToolsSupport20PreviewImageCategoryVMa	System/Library/Frameworks/DeveloperToolsSupport.framework/DeveloperToolsSupport.tbd
_$s21DeveloperToolsSupport20PreviewImageCategoryVMn	System/Library/Frameworks/DeveloperToolsSupport.framework/DeveloperToolsSupport.tbd
_$s21DeveloperToolsSupport20PreviewImageCategoryVN	System/Library/Frameworks/DeveloperToolsSupport.framework/DeveloperToolsSupport.tbd
_$s21DeveloperToolsSupport20PreviewTraitProtocolMp	System/Library/Frameworks/DeveloperToolsSupport.framework/DeveloperToolsSupport.tbd
_$s21DeveloperToolsSupport20PreviewTraitProtocolP12defaultValue0H0QzvgZTj	System/Library/Frameworks/DeveloperToolsSupport.framework/DeveloperToolsSupport.tbd
_$s21DeveloperToolsSupport20PreviewTraitProtocolP12defaultValue0H0QzvgZTq	System/Library/Frameworks/DeveloperToolsSupport.framework/DeveloperToolsSupport.tbd
_$s21DeveloperToolsSupport20PreviewTraitProtocolP5value5ValueQzvgTj	System/Library/Frameworks/DeveloperToolsSupport.framework/DeveloperToolsSupport.tbd
_$s21DeveloperToolsSupport20PreviewTraitProtocolP5value5ValueQzvgTq	System/Library/Frameworks/DeveloperToolsSupport.framework/DeveloperToolsSupport.tbd
_$s21DeveloperToolsSupport20PreviewTraitProtocolP7combiney5ValueQzAF_AFtFZTj	System/Library/Frameworks/DeveloperToolsSupport.framework/DeveloperToolsSupport.tbd
_$s21DeveloperToolsSupport20PreviewTraitProtocolP7combiney5ValueQzAF_AFtFZTq	System/Library/Frameworks/DeveloperToolsSupport.framework/DeveloperToolsSupport.tbd
_$s21DeveloperToolsSupport20PreviewTraitProtocolTL	System/Library/Frameworks/DeveloperToolsSupport.framework/DeveloperToolsSupport.tbd
_$s21DeveloperToolsSupport21LibraryContentBuilderV10buildBlockySayAA0D4ItemVGAGd_tFZ	System/Library/Frameworks/DeveloperToolsSupport.framework/DeveloperToolsSupport.tbd
_$s21DeveloperToolsSupport21LibraryContentBuilderV15buildExpressionySayAA0D4ItemVGAFFZ	System/Library/Frameworks/DeveloperToolsSupport.framework/DeveloperToolsSupport.tbd
_$s21DeveloperToolsSupport21LibraryContentBuilderV15buildExpressionySayAA0D4ItemVGAGFZ	System/Library/Frameworks/DeveloperToolsSupport.framework/DeveloperToolsSupport.tbd
_$s21DeveloperToolsSupport21LibraryContentBuilderVMa	System/Library/Frameworks/DeveloperToolsSupport.framework/DeveloperToolsSupport.tbd
_$s21DeveloperToolsSupport21LibraryContentBuilderVMn	System/Library/Frameworks/DeveloperToolsSupport.framework/DeveloperToolsSupport.tbd
_$s21DeveloperToolsSupport21LibraryContentBuilderVN	System/Library/Frameworks/DeveloperToolsSupport.framework/DeveloperToolsSupport.tbd
_$s21DeveloperToolsSupport22LibraryContentProviderMp	System/Library/Frameworks/DeveloperToolsSupport.framework/DeveloperToolsSupport.tbd
_$s21DeveloperToolsSupport22LibraryContentProviderP5viewsSayAA0D4ItemVGvgTj	System/Library/Frameworks/DeveloperToolsSupport.framework/DeveloperToolsSupport.tbd
_$s21DeveloperToolsSupport22LibraryContentProviderP5viewsSayAA0D4ItemVGvgTq	System/Library/Frameworks/DeveloperToolsSupport.framework/DeveloperToolsSupport.tbd
_$s21DeveloperToolsSupport22LibraryContentProviderP9modifiers4baseSayAA0D4ItemVG12ModifierBaseQz_tFTj	System/Library/Frameworks/DeveloperToolsSupport.framework/DeveloperToolsSupport.tbd
_$s21DeveloperToolsSupport22LibraryContentProviderP9modifiers4baseSayAA0D4ItemVG12ModifierBaseQz_tFTq	System/Library/Frameworks/DeveloperToolsSupport.framework/DeveloperToolsSupport.tbd
_$s21DeveloperToolsSupport22LibraryContentProviderPAAE5viewsSayAA0D4ItemVGvg	System/Library/Frameworks/DeveloperToolsSupport.framework/DeveloperToolsSupport.tbd
_$s21DeveloperToolsSupport22LibraryContentProviderPAAE5viewsSayAA0D4ItemVGvpMV	System/Library/Frameworks/DeveloperToolsSupport.framework/DeveloperToolsSupport.tbd
_$s21DeveloperToolsSupport22LibraryContentProviderPAAE9modifiers4baseSayAA0D4ItemVG12ModifierBaseQz_tF	System/Library/Frameworks/DeveloperToolsSupport.framework/DeveloperToolsSupport.tbd
_$s21DeveloperToolsSupport22LibraryContentProviderTL	System/Library/Frameworks/DeveloperToolsSupport.framework/DeveloperToolsSupport.tbd
_$s21DeveloperToolsSupport22_PlaygroundUnavailableVACycfC	System/Library/Frameworks/DeveloperToolsSupport.framework/DeveloperToolsSupport.tbd
_$s21DeveloperToolsSupport22_PlaygroundUnavailableVMa	System/Library/Frameworks/DeveloperToolsSupport.framework/DeveloperToolsSupport.tbd
_$s21DeveloperToolsSupport22_PlaygroundUnavailableVMn	System/Library/Frameworks/DeveloperToolsSupport.framework/DeveloperToolsSupport.tbd
_$s21DeveloperToolsSupport22_PlaygroundUnavailableVN	System/Library/Frameworks/DeveloperToolsSupport.framework/DeveloperToolsSupport.tbd
_$s21DeveloperToolsSupport22_PlaygroundUnavailableVs5ErrorAAMc	System/Library/Frameworks/DeveloperToolsSupport.framework/DeveloperToolsSupport.tbd
_$s21DeveloperToolsSupport23PreviewArgumentsBuilderV10buildArrayyAC9ComponentVyx_GSayAGGFZ	System/Library/Frameworks/DeveloperToolsSupport.framework/DeveloperToolsSupport.tbd
_$s21DeveloperToolsSupport23PreviewArgumentsBuilderV10buildBlockyAC9ComponentVyx_GAGd_tFZ	System/Library/Frameworks/DeveloperToolsSupport.framework/DeveloperToolsSupport.tbd
_$s21DeveloperToolsSupport23PreviewArgumentsBuilderV11buildEither5firstAC9ComponentVyx_GAH_tFZ	System/Library/Frameworks/DeveloperToolsSupport.framework/DeveloperToolsSupport.tbd
_$s21DeveloperToolsSupport23PreviewArgumentsBuilderV11buildEither6secondAC9ComponentVyx_GAH_tFZ	System/Library/Frameworks/DeveloperToolsSupport.framework/DeveloperToolsSupport.tbd
_$s21DeveloperToolsSupport23PreviewArgumentsBuilderV13buildOptionalyAC9ComponentVyx_GAGSgFZ	System/Library/Frameworks/DeveloperToolsSupport.framework/DeveloperToolsSupport.tbd
_$s21DeveloperToolsSupport23PreviewArgumentsBuilderV15buildExpressionyAC9ComponentVyx_GAA0D7SectionVyxGSgFZ	System/Library/Frameworks/DeveloperToolsSupport.framework/DeveloperToolsSupport.tbd
_$s21DeveloperToolsSupport23PreviewArgumentsBuilderV15buildExpressionyAC9ComponentVyx_Gqd__7ElementQyd__RszSTRd__lFZ	System/Library/Frameworks/DeveloperToolsSupport.framework/DeveloperToolsSupport.tbd
_$s21DeveloperToolsSupport23PreviewArgumentsBuilderV15buildExpressionyAC9ComponentVyx_GxFZ	System/Library/Frameworks/DeveloperToolsSupport.framework/DeveloperToolsSupport.tbd
_$s21DeveloperToolsSupport23PreviewArgumentsBuilderV16buildFinalResultyAA0dE0VyxGAC9ComponentVyx_GFZ	System/Library/Frameworks/DeveloperToolsSupport.framework/DeveloperToolsSupport.tbd
_$s21DeveloperToolsSupport23PreviewArgumentsBuilderV9ComponentVMa	System/Library/Frameworks/DeveloperToolsSupport.framework/DeveloperToolsSupport.tbd
_$s21DeveloperToolsSupport23PreviewArgumentsBuilderV9ComponentVMn	System/Library/Frameworks/DeveloperToolsSupport.framework/DeveloperToolsSupport.tbd
_$s21DeveloperToolsSupport23PreviewArgumentsBuilderVMa	System/Library/Frameworks/DeveloperToolsSupport.framework/DeveloperToolsSupport.tbd
_$s21DeveloperToolsSupport23PreviewArgumentsBuilderVMn	System/Library/Frameworks/DeveloperToolsSupport.framework/DeveloperToolsSupport.tbd
_$s21DeveloperToolsSupport23PreviewMacroBodyBuilderV10buildBlockyxxFZ	System/Library/Frameworks/DeveloperToolsSupport.framework/DeveloperToolsSupport.tbd
_$s21DeveloperToolsSupport23PreviewMacroBodyBuilderV10buildBlockyxxd_tFZ	System/Library/Frameworks/DeveloperToolsSupport.framework/DeveloperToolsSupport.tbd
_$s21DeveloperToolsSupport23PreviewMacroBodyBuilderV11buildEither5firstxx_tFZ	System/Library/Frameworks/DeveloperToolsSupport.framework/DeveloperToolsSupport.tbd
_$s21DeveloperToolsSupport23PreviewMacroBodyBuilderV11buildEither6secondxx_tFZ	System/Library/Frameworks/DeveloperToolsSupport.framework/DeveloperToolsSupport.tbd
_$s21DeveloperToolsSupport23PreviewMacroBodyBuilderV13buildOptionalyxxSgFZ	System/Library/Frameworks/DeveloperToolsSupport.framework/DeveloperToolsSupport.tbd
_$s21DeveloperToolsSupport23PreviewMacroBodyBuilderV24buildLimitedAvailabilityyxxFZ	System/Library/Frameworks/DeveloperToolsSupport.framework/DeveloperToolsSupport.tbd
_$s21DeveloperToolsSupport23PreviewMacroBodyBuilderVMa	System/Library/Frameworks/DeveloperToolsSupport.framework/DeveloperToolsSupport.tbd
_$s21DeveloperToolsSupport23PreviewMacroBodyBuilderVMn	System/Library/Frameworks/DeveloperToolsSupport.framework/DeveloperToolsSupport.tbd
_$s21DeveloperToolsSupport26PreviewSourceContentDomainO12complicationyA2CmFWC	System/Library/Frameworks/DeveloperToolsSupport.framework/DeveloperToolsSupport.tbd
_$s21DeveloperToolsSupport26PreviewSourceContentDomainO2eeoiySbAC_ACtFZ	System/Library/Frameworks/DeveloperToolsSupport.framework/DeveloperToolsSupport.tbd
_$s21DeveloperToolsSupport26PreviewSourceContentDomainO4hash4intoys6HasherVz_tF	System/Library/Frameworks/DeveloperToolsSupport.framework/DeveloperToolsSupport.tbd
_$s21DeveloperToolsSupport26PreviewSourceContentDomainO4viewyA2CmFWC	System/Library/Frameworks/DeveloperToolsSupport.framework/DeveloperToolsSupport.tbd
_$s21DeveloperToolsSupport26PreviewSourceContentDomainO6widgetyA2CmFWC	System/Library/Frameworks/DeveloperToolsSupport.framework/DeveloperToolsSupport.tbd
_$s21DeveloperToolsSupport26PreviewSourceContentDomainO9hashValueSivg	System/Library/Frameworks/DeveloperToolsSupport.framework/DeveloperToolsSupport.tbd
_$s21DeveloperToolsSupport26PreviewSourceContentDomainO9hashValueSivpMV	System/Library/Frameworks/DeveloperToolsSupport.framework/DeveloperToolsSupport.tbd
_$s21DeveloperToolsSupport26PreviewSourceContentDomainOMa	System/Library/Frameworks/DeveloperToolsSupport.framework/DeveloperToolsSupport.tbd
_$s21DeveloperToolsSupport26PreviewSourceContentDomainOMn	System/Library/Frameworks/DeveloperToolsSupport.framework/DeveloperToolsSupport.tbd
_$s21DeveloperToolsSupport26PreviewSourceContentDomainON	System/Library/Frameworks/DeveloperToolsSupport.framework/DeveloperToolsSupport.tbd
_$s21DeveloperToolsSupport26PreviewSourceContentDomainOSHAAMc	System/Library/Frameworks/DeveloperToolsSupport.framework/DeveloperToolsSupport.tbd
_$s21DeveloperToolsSupport26PreviewSourceContentDomainOSQAAMc	System/Library/Frameworks/DeveloperToolsSupport.framework/DeveloperToolsSupport.tbd
_$s21DeveloperToolsSupport27PreviewInterfaceOrientationO13landscapeLeftyA2CmFWC	System/Library/Frameworks/DeveloperToolsSupport.framework/DeveloperToolsSupport.tbd
_$s21DeveloperToolsSupport27PreviewInterfaceOrientationO14landscapeRightyA2CmFWC	System/Library/Frameworks/DeveloperToolsSupport.framework/DeveloperToolsSupport.tbd
_$s21DeveloperToolsSupport27PreviewInterfaceOrientationO18portraitUpsideDownyA2CmFWC	System/Library/Frameworks/DeveloperToolsSupport.framework/DeveloperToolsSupport.tbd
_$s21DeveloperToolsSupport27PreviewInterfaceOrientationO2eeoiySbAC_ACtFZ	System/Library/Frameworks/DeveloperToolsSupport.framework/DeveloperToolsSupport.tbd
_$s21DeveloperToolsSupport27PreviewInterfaceOrientationO4hash4intoys6HasherVz_tF	System/Library/Frameworks/DeveloperToolsSupport.framework/DeveloperToolsSupport.tbd
_$s21DeveloperToolsSupport27PreviewInterfaceOrientationO8portraityA2CmFWC	System/Library/Frameworks/DeveloperToolsSupport.framework/DeveloperToolsSupport.tbd
_$s21DeveloperToolsSupport27PreviewInterfaceOrientationO9hashValueSivg	System/Library/Frameworks/DeveloperToolsSupport.framework/DeveloperToolsSupport.tbd
_$s21DeveloperToolsSupport27PreviewInterfaceOrientationO9hashValueSivpMV	System/Library/Frameworks/DeveloperToolsSupport.framework/DeveloperToolsSupport.tbd
_$s21DeveloperToolsSupport27PreviewInterfaceOrientationOMa	System/Library/Frameworks/DeveloperToolsSupport.framework/DeveloperToolsSupport.tbd
_$s21DeveloperToolsSupport27PreviewInterfaceOrientationOMn	System/Library/Frameworks/DeveloperToolsSupport.framework/DeveloperToolsSupport.tbd
_$s21DeveloperToolsSupport27PreviewInterfaceOrientationON	System/Library/Frameworks/DeveloperToolsSupport.framework/DeveloperToolsSupport.tbd
_$s21DeveloperToolsSupport27PreviewInterfaceOrientationOSHAAMc	System/Library/Frameworks/DeveloperToolsSupport.framework/DeveloperToolsSupport.tbd
_$s21DeveloperToolsSupport27PreviewInterfaceOrientationOSQAAMc	System/Library/Frameworks/DeveloperToolsSupport.framework/DeveloperToolsSupport.tbd
_$s21DeveloperToolsSupport28PreviewSourceContentCategoryV13stringLiteralACSS_tcfC	System/Library/Frameworks/DeveloperToolsSupport.framework/DeveloperToolsSupport.tbd
_$s21DeveloperToolsSupport28PreviewSourceContentCategoryV8rawValueSSvg	System/Library/Frameworks/DeveloperToolsSupport.framework/DeveloperToolsSupport.tbd
_$s21DeveloperToolsSupport28PreviewSourceContentCategoryV8rawValueSSvpMV	System/Library/Frameworks/DeveloperToolsSupport.framework/DeveloperToolsSupport.tbd
_$s21DeveloperToolsSupport28PreviewSourceContentCategoryVMa	System/Library/Frameworks/DeveloperToolsSupport.framework/DeveloperToolsSupport.tbd
_$s21DeveloperToolsSupport28PreviewSourceContentCategoryVMn	System/Library/Frameworks/DeveloperToolsSupport.framework/DeveloperToolsSupport.tbd
_$s21DeveloperToolsSupport28PreviewSourceContentCategoryVN	System/Library/Frameworks/DeveloperToolsSupport.framework/DeveloperToolsSupport.tbd
_$s21DeveloperToolsSupport28PreviewSourceContentCategoryVs26ExpressibleByStringLiteralAAMc	System/Library/Frameworks/DeveloperToolsSupport.framework/DeveloperToolsSupport.tbd
_$s21DeveloperToolsSupport28PreviewSourceContentCategoryVs33ExpressibleByUnicodeScalarLiteralAAMc	System/Library/Frameworks/DeveloperToolsSupport.framework/DeveloperToolsSupport.tbd
_$s21DeveloperToolsSupport28PreviewSourceContentCategoryVs43ExpressibleByExtendedGraphemeClusterLiteralAAMc	System/Library/Frameworks/DeveloperToolsSupport.framework/DeveloperToolsSupport.tbd
_$s21DeveloperToolsSupport30PreviewSectionArgumentsBuilderV10buildArrayySayxGSayAEGFZ	System/Library/Frameworks/DeveloperToolsSupport.framework/DeveloperToolsSupport.tbd
_$s21DeveloperToolsSupport30PreviewSectionArgumentsBuilderV10buildBlockySayxGAEd_tFZ	System/Library/Frameworks/DeveloperToolsSupport.framework/DeveloperToolsSupport.tbd
_$s21DeveloperToolsSupport30PreviewSectionArgumentsBuilderV15buildExpressionySayxGqd__7ElementQyd__RszSTRd__lFZ	System/Library/Frameworks/DeveloperToolsSupport.framework/DeveloperToolsSupport.tbd
_$s21DeveloperToolsSupport30PreviewSectionArgumentsBuilderV15buildExpressionySayxGxFZ	System/Library/Frameworks/DeveloperToolsSupport.framework/DeveloperToolsSupport.tbd
_$s21DeveloperToolsSupport30PreviewSectionArgumentsBuilderVMa	System/Library/Frameworks/DeveloperToolsSupport.framework/DeveloperToolsSupport.tbd
_$s21DeveloperToolsSupport30PreviewSectionArgumentsBuilderVMn	System/Library/Frameworks/DeveloperToolsSupport.framework/DeveloperToolsSupport.tbd
_$s21DeveloperToolsSupport32PreviewInterfaceOrientationTraitV12defaultValueAA0deF0OvgZ	System/Library/Frameworks/DeveloperToolsSupport.framework/DeveloperToolsSupport.tbd
_$s21DeveloperToolsSupport32PreviewInterfaceOrientationTraitV12defaultValueAA0deF0OvpZMV	System/Library/Frameworks/DeveloperToolsSupport.framework/DeveloperToolsSupport.tbd
_$s21DeveloperToolsSupport32PreviewInterfaceOrientationTraitV5valueAA0deF0Ovg	System/Library/Frameworks/DeveloperToolsSupport.framework/DeveloperToolsSupport.tbd
_$s21DeveloperToolsSupport32PreviewInterfaceOrientationTraitV5valueAA0deF0OvpMV	System/Library/Frameworks/DeveloperToolsSupport.framework/DeveloperToolsSupport.tbd
_$s21DeveloperToolsSupport32PreviewInterfaceOrientationTraitV7combineyAA0deF0OAF_AFtFZ	System/Library/Frameworks/DeveloperToolsSupport.framework/DeveloperToolsSupport.tbd
_$s21DeveloperToolsSupport32PreviewInterfaceOrientationTraitVAA0dG8ProtocolAAMc	System/Library/Frameworks/DeveloperToolsSupport.framework/DeveloperToolsSupport.tbd
_$s21DeveloperToolsSupport32PreviewInterfaceOrientationTraitVAA0dG8ProtocolAAWP	System/Library/Frameworks/DeveloperToolsSupport.framework/DeveloperToolsSupport.tbd
_$s21DeveloperToolsSupport32PreviewInterfaceOrientationTraitVMa	System/Library/Frameworks/DeveloperToolsSupport.framework/DeveloperToolsSupport.tbd
_$s21DeveloperToolsSupport32PreviewInterfaceOrientationTraitVMn	System/Library/Frameworks/DeveloperToolsSupport.framework/DeveloperToolsSupport.tbd
_$s21DeveloperToolsSupport32PreviewInterfaceOrientationTraitVN	System/Library/Frameworks/DeveloperToolsSupport.framework/DeveloperToolsSupport.tbd
_$s21DeveloperToolsSupport7PreviewV10DataSourceO7previewyAeA0dF0_pcAEmFWC	System/Library/Frameworks/DeveloperToolsSupport.framework/DeveloperToolsSupport.tbd
_$s21DeveloperToolsSupport7PreviewV10DataSourceO8registryyAeA08RegistryF0_pcAEmFWC	System/Library/Frameworks/DeveloperToolsSupport.framework/DeveloperToolsSupport.tbd
_$s21DeveloperToolsSupport7PreviewV10DataSourceOMa	System/Library/Frameworks/DeveloperToolsSupport.framework/DeveloperToolsSupport.tbd
_$s21DeveloperToolsSupport7PreviewV10DataSourceOMn	System/Library/Frameworks/DeveloperToolsSupport.framework/DeveloperToolsSupport.tbd
_$s21DeveloperToolsSupport7PreviewV10DataSourceON	System/Library/Frameworks/DeveloperToolsSupport.framework/DeveloperToolsSupport.tbd
_$s21DeveloperToolsSupport7PreviewV10ViewTraitsOMa	System/Library/Frameworks/DeveloperToolsSupport.framework/DeveloperToolsSupport.tbd
_$s21DeveloperToolsSupport7PreviewV10ViewTraitsOMn	System/Library/Frameworks/DeveloperToolsSupport.framework/DeveloperToolsSupport.tbd
_$s21DeveloperToolsSupport7PreviewV10ViewTraitsON	System/Library/Frameworks/DeveloperToolsSupport.framework/DeveloperToolsSupport.tbd
_$s21DeveloperToolsSupport7PreviewV10dataSourceAC04DataF0Ovg	System/Library/Frameworks/DeveloperToolsSupport.framework/DeveloperToolsSupport.tbd
_$s21DeveloperToolsSupport7PreviewV10dataSourceAC04DataF0OvpMV	System/Library/Frameworks/DeveloperToolsSupport.framework/DeveloperToolsSupport.tbd
_$s21DeveloperToolsSupport7PreviewV11displayName14registrySourceACSSSg_xtcAA08RegistryH0RzlufC	System/Library/Frameworks/DeveloperToolsSupport.framework/DeveloperToolsSupport.tbd
_$s21DeveloperToolsSupport7PreviewV11displayName6source6traitsACSSSg_q_SayAA0D5TraitVyxGGtcAA0D6SourceR_r0_lufC	System/Library/Frameworks/DeveloperToolsSupport.framework/DeveloperToolsSupport.tbd
_$s21DeveloperToolsSupport7PreviewV11displayName6sourceACSSSg_xtcAA0D6SourceRzlufC	System/Library/Frameworks/DeveloperToolsSupport.framework/DeveloperToolsSupport.tbd
_$s21DeveloperToolsSupport7PreviewV11displayNameSSSgvg	System/Library/Frameworks/DeveloperToolsSupport.framework/DeveloperToolsSupport.tbd
_$s21DeveloperToolsSupport7PreviewV11displayNameSSSgvpMV	System/Library/Frameworks/DeveloperToolsSupport.framework/DeveloperToolsSupport.tbd
_$s21DeveloperToolsSupport7PreviewV5value3for5ValueQzxm_tAA0D13TraitProtocolRzlF	System/Library/Frameworks/DeveloperToolsSupport.framework/DeveloperToolsSupport.tbd
_$s21DeveloperToolsSupport7PreviewV6sourceAA0D6Source_pvg	System/Library/Frameworks/DeveloperToolsSupport.framework/DeveloperToolsSupport.tbd
_$s21DeveloperToolsSupport7PreviewV6sourceAA0D6Source_pvpMV	System/Library/Frameworks/DeveloperToolsSupport.framework/DeveloperToolsSupport.tbd
_$s21DeveloperToolsSupport7PreviewVMa	System/Library/Frameworks/DeveloperToolsSupport.framework/DeveloperToolsSupport.tbd
_$s21DeveloperToolsSupport7PreviewVMn	System/Library/Frameworks/DeveloperToolsSupport.framework/DeveloperToolsSupport.tbd
_$s21DeveloperToolsSupport7PreviewVN	System/Library/Frameworks/DeveloperToolsSupport.framework/DeveloperToolsSupport.tbd
_$s5Value21DeveloperToolsSupport20PreviewTraitProtocolPTl	System/Library/Frameworks/DeveloperToolsSupport.framework/DeveloperToolsSupport.tbd
_$s7SwiftUI13PreviewLayoutO12sizeThatFitsyA2CmFWC	System/Library/Frameworks/DeveloperToolsSupport.framework/DeveloperToolsSupport.tbd
_$s7SwiftUI13PreviewLayoutO5fixedyAC12CoreGraphics7CGFloatV_AGtcACmFWC	System/Library/Frameworks/DeveloperToolsSupport.framework/DeveloperToolsSupport.tbd
_$s7SwiftUI13PreviewLayoutO6deviceyA2CmFWC	System/Library/Frameworks/DeveloperToolsSupport.framework/DeveloperToolsSupport.tbd
_$s7SwiftUI13PreviewLayoutO7fixed3DyAC12CoreGraphics7CGFloatV_A2GtcACmFWC	System/Library/Frameworks/DeveloperToolsSupport.framework/DeveloperToolsSupport.tbd
_$s7SwiftUI13PreviewLayoutOMa	System/Library/Frameworks/DeveloperToolsSupport.framework/DeveloperToolsSupport.tbd
_$s7SwiftUI13PreviewLayoutOMn	System/Library/Frameworks/DeveloperToolsSupport.framework/DeveloperToolsSupport.tbd
_$s7SwiftUI13PreviewLayoutON	System/Library/Frameworks/DeveloperToolsSupport.framework/DeveloperToolsSupport.tbd
